symbol,entry_time,entry_price,exit_time,exit_price,qty,side,strategy,classification,signal_tags,confidence,reward
86be6b21-7c89-4644-a378-a19de550c549,2025-07-02T18:32:02.347906+00:00,MSFT,buy,46.0,490.14,LIVE,filled
3c089e7a-b84e-455f-a25f-5d0820fa773e,2025-07-02T18:32:05.858590+00:00,GOOGL,buy,128.0,178.12,LIVE,filled
e9814ea5-9f81-4729-a9a4-ba80417a1101,2025-07-02T18:32:09.335627+00:00,AMZN,buy,57.0,220.31,LIVE,filled
169eb863-38af-42f3-a377-24ad42fb32fe,2025-07-02T18:32:12.731195+00:00,AMZN,buy,45.0,220.32,LIVE,filled
01c83d3b-bd5e-4722-a877-5b11800113e8,2025-07-02T18:32:16.224630+00:00,TSLA,buy,53.0,316.03,LIVE,filled
b52f299e-5690-49c5-8abe-551e3c1c05a1,2025-07-02T18:32:19.556660+00:00,TSLA,buy,22.0,316.1,LIVE,filled
2b554d3f-ba96-48c4-ad8b-a57549ec7d2a,2025-07-02T18:49:07.944309+00:00,MSFT,buy,45.0,490.075556,LIVE,filled
b209bb83-407f-4192-abaf-a7be23a7a035,2025-07-02T18:49:11.553537+00:00,GOOGL,buy,128.0,178.42,LIVE,filled
252c7c5b-c3d4-4dac-b012-875208b610e9,2025-07-02T18:49:15.073552+00:00,AMZN,buy,102.0,220.37,LIVE,filled
dd751b83-cf4d-4a79-9f06-e493fbbb4b07,2025-07-02T18:49:18.759860+00:00,TSLA,buy,75.0,316.040267,LIVE,filled
21770dc3-c10a-45e6-a9d8-4e1f05c02990,2025-07-02T18:49:56.507576+00:00,MSFT,buy,23.0,489.95,LIVE,filled
MSFT,2025-07-02T18:49:56.508892+00:00,492.1,,,23,buy,momentum+mean_reversion+ml+sentiment+regime+stochrsi+obv+vsa,,momentum+mean_reversion+ml+sentiment+regime+stochrsi+obv+vsa,0.6021437380280357,
1cb222a1-120d-4bed-8178-6e048126d289,2025-07-02T18:49:56.674395+00:00,TSLA,buy,64.0,315.98,LIVE,filled
TSLA,2025-07-02T18:49:56.674787+00:00,301.35,,,64,buy,momentum+mean_reversion+ml+sentiment+regime+stochrsi+obv+vsa,,momentum+mean_reversion+ml+sentiment+regime+stochrsi+obv+vsa,0.8849219588506126,
1f3ccd0e-c125-4b02-b6a1-79e643988c4e,2025-07-02T18:50:03.181777+00:00,GOOGL,buy,187.0,178.460053,LIVE,filled
GOOGL,2025-07-02T18:50:03.182308+00:00,175.85,,,187,buy,momentum+mean_reversion+ml+sentiment+regime+stochrsi+obv+vsa,,momentum+mean_reversion+ml+sentiment+regime+stochrsi+obv+vsa,0.971178409644255,
fbaddb0b-ca6b-464a-817c-e41758899c19,2025-07-02T18:50:09.326446+00:00,TSLA,sell,64.0,315.729531,LIVE,filled
15659e95-5328-41f8-8f0f-89efe1d20c3e,2025-07-02T18:50:55.771976+00:00,AMZN,buy,39.0,220.22,LIVE,filled
0e61d865-56e4-4d8c-acad-fd9516a073d3,2025-07-02T18:50:59.125246+00:00,AMZN,buy,39.0,220.205128,LIVE,filled
1f9e2f70-877d-42af-8f4c-193898eedf92,2025-07-02T18:51:02.532275+00:00,AMZN,buy,39.0,220.2,LIVE,filled
16f1d22c-ad2b-4ad3-9afd-891d4d7eed53,2025-07-02T18:51:05.940340+00:00,AMZN,buy,2.0,220.19,LIVE,filled
AMZN,2025-07-02T18:51:05.940663+00:00,220.47,,,119,buy,momentum+mean_reversion+ml+sentiment+regime+stochrsi+obv+vsa,,momentum+mean_reversion+ml+sentiment+regime+stochrsi+obv+vsa,1.0,
1f2804c9-8087-4ce1-b8e0-027526bc53eb,2025-07-02T18:54:00.828792+00:00,MSFT,buy,45.0,490.03,LIVE,filled
f0ba863f-945b-46fb-ab69-ab6be4c6dd80,2025-07-02T18:54:04.342974+00:00,GOOGL,buy,112.0,178.29,LIVE,filled
145671f6-6e48-4ee7-971e-1ec210d5bff4,2025-07-02T18:54:07.744148+00:00,GOOGL,buy,16.0,178.3,LIVE,filled
4e23dd12-2b88-4bdc-9d3f-691012e4a845,2025-07-02T18:54:11.237852+00:00,AMZN,buy,102.0,220.22,LIVE,filled
c6a82678-9da4-416e-b7d3-24ab780c5da7,2025-07-02T18:54:14.772159+00:00,TSLA,buy,28.0,315.9,LIVE,filled
993d3842-f12e-4de9-a6ce-8a31387ccefc,2025-07-02T18:54:18.106696+00:00,TSLA,buy,28.0,315.88,LIVE,filled
f8ba880e-ba3a-4193-ba5e-71d0409615e7,2025-07-02T18:54:21.468317+00:00,TSLA,buy,19.0,315.67,LIVE,filled
03e39403-79ef-4ed6-9fbd-31cf3b221456,2025-07-02T18:54:59.575089+00:00,TSLA,buy,28.0,315.69,LIVE,filled
96552893-4cc8-49e7-b110-ef90c2ea4b5a,2025-07-02T18:54:59.675243+00:00,MSFT,buy,23.0,490.01,LIVE,filled
MSFT,2025-07-02T18:54:59.675523+00:00,492.1,,,23,buy,momentum+mean_reversion+ml+sentiment+regime+stochrsi+obv+vsa,,momentum+mean_reversion+ml+sentiment+regime+stochrsi+obv+vsa,0.6021437380280357,
7b980119-553d-4d61-8d93-9e38a163c018,2025-07-02T18:55:03.256638+00:00,TSLA,buy,36.0,315.66,LIVE,filled
TSLA,2025-07-02T18:55:03.257648+00:00,301.35,,,64,buy,momentum+mean_reversion+ml+sentiment+regime+stochrsi+obv+vsa,,momentum+mean_reversion+ml+sentiment+regime+stochrsi+obv+vsa,0.8849219588506126,
365caf77-8429-468e-9ca4-6b980d48aa48,2025-07-02T18:55:07.584922+00:00,GOOGL,buy,179.0,178.36,LIVE,filled
03f4437b-4a48-45eb-991c-4e87100565a4,2025-07-02T18:55:10.928000+00:00,GOOGL,buy,8.0,178.3425,LIVE,filled
GOOGL,2025-07-02T18:55:10.928254+00:00,175.85,,,187,buy,momentum+mean_reversion+ml+sentiment+regime+stochrsi+obv+vsa,,momentum+mean_reversion+ml+sentiment+regime+stochrsi+obv+vsa,0.971178409644255,
a502aa3a-e5d1-460f-a93f-33125f9b9896,2025-07-02T18:55:16.781508+00:00,TSLA,sell,64.0,315.29,LIVE,filled
28784657-9672-4b68-b018-276231422c3d,2025-07-02T18:55:58.040593+00:00,AMZN,buy,83.0,220.242651,LIVE,filled
c7f8144f-bad4-42d1-8b23-b6e4ed6cc003,2025-07-02T18:56:01.426504+00:00,AMZN,buy,36.0,220.24,LIVE,filled
AMZN,2025-07-02T18:56:01.426719+00:00,220.47,,,119,buy,momentum+mean_reversion+ml+sentiment+regime+stochrsi+obv+vsa,,momentum+mean_reversion+ml+sentiment+regime+stochrsi+obv+vsa,1.0,
3d61d131-1e5c-4504-b625-6ddfd78086d6,2025-07-02T19:05:59.565067+00:00,MSFT,buy,23.0,490.29,LIVE,filled
MSFT,2025-07-02T19:05:59.565382+00:00,492.1,,,23,buy,momentum+mean_reversion+ml+sentiment+regime+stochrsi+obv+vsa,,momentum+mean_reversion+ml+sentiment+regime+stochrsi+obv+vsa,0.6021437380280357,
2c2c3f2d-3a68-429d-af95-b082deb81f2c,2025-07-02T19:06:02.481313+00:00,GOOGL,buy,43.0,178.11,LIVE,filled
9e27b337-fab5-4086-82fe-1cf61a720bf4,2025-07-02T19:06:05.871207+00:00,GOOGL,buy,43.0,178.091628,LIVE,filled
0163a396-5e53-4f7e-8605-a585b2c894d9,2025-07-02T19:06:09.273296+00:00,GOOGL,buy,43.0,178.07,LIVE,filled
f48f046f-a933-4e94-954b-4ff30e565a5a,2025-07-02T19:06:12.674190+00:00,GOOGL,buy,43.0,178.08,LIVE,filled
5debaba4-62d6-49d1-b63c-121bbd6b275b,2025-07-02T19:06:16.086994+00:00,GOOGL,buy,15.0,178.089333,LIVE,filled
GOOGL,2025-07-02T19:06:16.087287+00:00,175.85,,,187,buy,momentum+mean_reversion+ml+sentiment+regime+stochrsi+obv+vsa,,momentum+mean_reversion+ml+sentiment+regime+stochrsi+obv+vsa,0.971178409644255,
56574cb8-f4c2-4be1-8ac3-029fbaaf7411,2025-07-02T19:06:59.596462+00:00,AMZN,buy,75.0,220.26,LIVE,filled
AMZN,2025-07-02T19:06:59.596776+00:00,220.47,,,75,buy,momentum+mean_reversion+ml+sentiment+regime+stochrsi+obv+vsa,,momentum+mean_reversion+ml+sentiment+regime+stochrsi+obv+vsa,1.0,
fc4123db-8ebe-41d5-8ca4-280356d357ab,2025-07-02T19:11:59.990998+00:00,TSLA,buy,63.0,315.370317,LIVE,filled
TSLA,2025-07-02T19:11:59.991383+00:00,301.35,,,63,buy,momentum+mean_reversion+ml+sentiment+regime+stochrsi+obv+vsa,,momentum+mean_reversion+ml+sentiment+regime+stochrsi+obv+vsa,0.8849219588506126,
70b84f64-568c-4ad2-b42e-9e45f53f793e,2025-07-02T19:15:57.618239+00:00,MSFT,buy,45.0,489.79,LIVE,filled
c5087e92-d8ee-4bd7-a4a5-00a3ae362edb,2025-07-02T19:16:01.287004+00:00,GOOGL,buy,46.0,178.01,LIVE,filled
2e4d7383-d277-4306-ac37-5baeb50b5cf5,2025-07-02T19:16:04.691855+00:00,GOOGL,buy,46.0,178.01,LIVE,filled
471ceca8-1cbd-464a-ab51-73046c450f6e,2025-07-02T19:16:08.030095+00:00,GOOGL,buy,36.0,178.168333,LIVE,filled
2495f960-9401-472c-bcb4-57278210edbd,2025-07-02T19:16:11.578499+00:00,AMZN,buy,54.0,220.26537,LIVE,filled
bd409ade-2177-4ce7-83f9-409f47009b7d,2025-07-02T19:16:14.940271+00:00,AMZN,buy,48.0,220.27,LIVE,filled
986f7893-220c-4b2b-9770-f543baf02433,2025-07-02T19:16:18.429559+00:00,TSLA,buy,75.0,315.558667,LIVE,filled
771ec4e2-c69d-4074-83ce-44776be53774,2025-07-02T19:16:56.248071+00:00,TSLA,buy,64.0,315.32,LIVE,filled
TSLA,2025-07-02T19:16:56.248379+00:00,301.35,,,64,buy,momentum+mean_reversion+ml+sentiment+regime+stochrsi+obv+vsa,,momentum+mean_reversion+ml+sentiment+regime+stochrsi+obv+vsa,0.8849219588506126,
f842b4e1-3077-4e09-8541-98860b9b0b5f,2025-07-02T19:16:56.637145+00:00,MSFT,buy,23.0,489.867392,LIVE,filled
MSFT,2025-07-02T19:16:56.637382+00:00,492.1,,,23,buy,momentum+mean_reversion+ml+sentiment+regime+stochrsi+obv+vsa,,momentum+mean_reversion+ml+sentiment+regime+stochrsi+obv+vsa,0.6021437380280357,
be162fa6-9508-49b7-9543-08de2576fb5d,2025-07-02T19:17:02.379595+00:00,GOOGL,buy,67.0,178.1,LIVE,filled
31566979-86a9-45d2-88ab-258688fc596a,2025-07-02T19:17:05.732253+00:00,GOOGL,buy,67.0,178.16,LIVE,filled
fa447948-543d-40fa-bc74-cacdcc8bb812,2025-07-02T19:17:09.076890+00:00,GOOGL,buy,53.0,178.186038,LIVE,filled
GOOGL,2025-07-02T19:17:09.077117+00:00,175.85,,,187,buy,momentum+mean_reversion+ml+sentiment+regime+stochrsi+obv+vsa,,momentum+mean_reversion+ml+sentiment+regime+stochrsi+obv+vsa,0.971178409644255,
cf09f958-bf73-4288-a0d4-29da95c00ee8,2025-07-02T19:17:15.160341+00:00,TSLA,sell,64.0,315.271719,LIVE,filled
fd163600-c6b3-4be7-b30e-9bc73c1385b3,2025-07-02T19:17:56.705276+00:00,AMZN,buy,119.0,220.2,LIVE,filled
AMZN,2025-07-02T19:17:56.705513+00:00,220.47,,,119,buy,momentum+mean_reversion+ml+sentiment+regime+stochrsi+obv+vsa,,momentum+mean_reversion+ml+sentiment+regime+stochrsi+obv+vsa,1.0,
7d59fc83-0e55-4d4d-bb6d-c39d71e876cb,2025-07-02T19:29:54.795911+00:00,AMZN,buy,44.0,219.887727,LIVE,filled
ec8da65f-550f-462d-ac4f-2048e6929f55,2025-07-02T19:29:58.138235+00:00,AMZN,buy,44.0,219.87,LIVE,filled
b54a6e0a-33d0-4a01-8bc6-06863a57929c,2025-07-02T19:30:01.498180+00:00,AMZN,buy,31.0,219.888065,LIVE,filled
AMZN,2025-07-02T19:30:01.498404+00:00,220.47,,,119,buy,momentum+mean_reversion+ml+sentiment+regime+stochrsi+obv+vsa,,momentum+mean_reversion+ml+sentiment+regime+stochrsi+obv+vsa,1.0,
fc6dc561-86f3-49da-b061-c06d6b0a8df1,2025-07-02T19:33:57.911453+00:00,GOOGL,buy,120.0,178.254083,LIVE,filled
d2af47f9-fea7-4f44-8f31-24bdf222c454,2025-07-02T19:34:01.259775+00:00,GOOGL,buy,67.0,178.27,LIVE,filled
GOOGL,2025-07-02T19:34:01.260158+00:00,175.85,,,187,buy,momentum+mean_reversion+ml+sentiment+regime+stochrsi+obv+vsa,,momentum+mean_reversion+ml+sentiment+regime+stochrsi+obv+vsa,0.971178409644255,
9f1bdb0e-e8db-43ff-ba19-208ae8cb1d76,2025-07-02T19:39:56.132798+00:00,TSLA,buy,64.0,314.08,LIVE,filled
TSLA,2025-07-02T19:39:56.133253+00:00,301.35,,,64,buy,momentum+mean_reversion+ml+sentiment+regime+stochrsi+obv+vsa,,momentum+mean_reversion+ml+sentiment+regime+stochrsi+obv+vsa,0.8849219588506126,
dfcb1c5a-a777-4ec1-94dd-c3336a44c628,2025-07-02T19:39:56.288248+00:00,MSFT,buy,23.0,490.21,LIVE,filled
MSFT,2025-07-02T19:39:56.288625+00:00,492.1,,,23,buy,momentum+mean_reversion+ml+sentiment+regime+stochrsi+obv+vsa,,momentum+mean_reversion+ml+sentiment+regime+stochrsi+obv+vsa,0.6021437380280357,
00f089b2-9cf2-4d23-ba6d-02e04c545c9e,2025-07-02T19:40:02.510308+00:00,GOOGL,buy,102.0,178.431176,LIVE,filled
385c5315-daa1-4470-abae-065413099136,2025-07-02T19:40:05.888281+00:00,GOOGL,buy,85.0,178.43,LIVE,filled
GOOGL,2025-07-02T19:40:05.888607+00:00,175.85,,,187,buy,momentum+mean_reversion+ml+sentiment+regime+stochrsi+obv+vsa,,momentum+mean_reversion+ml+sentiment+regime+stochrsi+obv+vsa,0.971178409644255,
e33a604e-d134-419e-9dd1-53e3650291ad,2025-07-02T19:45:56.915876+00:00,TSLA,buy,64.0,313.18,LIVE,filled
TSLA,2025-07-02T19:45:56.916153+00:00,301.35,,,64,buy,momentum+mean_reversion+ml+sentiment+regime+stochrsi+obv+vsa,,momentum+mean_reversion+ml+sentiment+regime+stochrsi+obv+vsa,0.8849219588506126,
17b7bfac-696d-412b-abdd-2a4421858d86,2025-07-02T19:45:57.065301+00:00,MSFT,buy,23.0,490.640435,LIVE,filled
MSFT,2025-07-02T19:45:57.066366+00:00,492.1,,,23,buy,momentum+mean_reversion+ml+sentiment+regime+stochrsi+obv+vsa,,momentum+mean_reversion+ml+sentiment+regime+stochrsi+obv+vsa,0.6021437380280357,
b265c747-7bc2-498b-b532-08445da00def,2025-07-07T17:51:14.257287+00:00,MSFT,buy,45.0,496.267999,"{'status': <OrderStatus.FILLED: 'filled'>, 'mode': 'LIVE'}",
a2b95889-6267-4bc5-bed8-1919c840d5dd,2025-07-07T17:51:18.048918+00:00,GOOGL,buy,125.0,176.27,"{'status': <OrderStatus.FILLED: 'filled'>, 'mode': 'LIVE'}",
db977f15-0763-4086-a151-6bbd61a78a8a,2025-07-07T17:51:22.193540+00:00,AMZN,buy,10.0,223.124,"{'status': <OrderStatus.FILLED: 'filled'>, 'mode': 'LIVE'}",
a6dab3bd-b9bc-43d2-83b9-958ca094cbb6,2025-07-07T17:51:25.621610+00:00,AMZN,buy,10.0,223.15,"{'status': <OrderStatus.FILLED: 'filled'>, 'mode': 'LIVE'}",
1d53b4f1-d4ac-434f-a1de-fcb9461de4ba,2025-07-07T17:51:28.966690+00:00,AMZN,buy,10.0,223.165,"{'status': <OrderStatus.FILLED: 'filled'>, 'mode': 'LIVE'}",
9dd8faa8-9fe4-4dec-b5b8-0b3f3ad7154c,2025-07-07T17:51:32.343011+00:00,AMZN,buy,10.0,223.17,"{'status': <OrderStatus.FILLED: 'filled'>, 'mode': 'LIVE'}",
5f735d1b-7232-4336-ad88-99f13457323f,2025-07-07T17:51:35.705138+00:00,AMZN,buy,10.0,223.176,"{'status': <OrderStatus.FILLED: 'filled'>, 'mode': 'LIVE'}",
74ee7277-3467-412b-a7d0-cfaf6288feb3,2025-07-07T17:51:39.123123+00:00,AMZN,buy,10.0,223.159,"{'status': <OrderStatus.FILLED: 'filled'>, 'mode': 'LIVE'}",
e8ed2c3f-3026-4ba7-8788-585a0cb55eac,2025-07-07T17:51:42.538213+00:00,AMZN,buy,10.0,223.15,"{'status': <OrderStatus.FILLED: 'filled'>, 'mode': 'LIVE'}",
d088fcfc-1a64-42df-883c-7b2f0b16ae01,2025-07-07T17:51:45.961667+00:00,AMZN,buy,10.0,223.16,"{'status': <OrderStatus.FILLED: 'filled'>, 'mode': 'LIVE'}",
8cda480d-f53b-4b51-89db-03e1ffcaf0c1,2025-07-07T17:51:49.309153+00:00,AMZN,buy,10.0,223.164001,"{'status': <OrderStatus.FILLED: 'filled'>, 'mode': 'LIVE'}",
6f3eeb7c-bcd2-4144-b146-31bf8c29dc60,2025-07-07T17:51:52.692109+00:00,AMZN,buy,10.0,223.17,"{'status': <OrderStatus.FILLED: 'filled'>, 'mode': 'LIVE'}",
c63587f0-8874-4e2f-9031-cf96b7a1ed3d,2025-07-07T17:51:56.483035+00:00,TSLA,buy,71.0,292.520282,"{'status': <OrderStatus.FILLED: 'filled'>, 'mode': 'LIVE'}",
c7c1af86-28c2-4887-ad72-eb7bd45e34b1,2025-07-08T17:43:20.305481+00:00,GOOGL,buy,32.0,174.01,"{'status': <OrderStatus.FILLED: 'filled'>, 'mode': 'LIVE'}",
9751a27f-be8f-4a2c-b585-dd2e4df8c437,2025-07-08T17:43:23.732192+00:00,GOOGL,buy,30.0,174.01,"{'status': <OrderStatus.FILLED: 'filled'>, 'mode': 'LIVE'}",
GOOGL,2025-07-08T17:43:23.733639+00:00,176.78,,,185,buy,momentum+mean_reversion+ml+sentiment+regime+stochrsi+obv+vsa,,momentum+mean_reversion+ml+sentiment+regime+stochrsi+obv+vsa,1.0,
b40fd7e9-c3cc-449c-8f5c-93f02b08bbd3,2025-07-08T18:00:20.997785+00:00,GOOGL,buy,70.0,174.15,"{'status': <OrderStatus.FILLED: 'filled'>, 'mode': 'LIVE'}",
8dedd826-d93c-4c90-94f9-b3cabbdf61eb,2025-07-08T18:00:24.498986+00:00,GOOGL,buy,70.0,174.17,"{'status': <OrderStatus.FILLED: 'filled'>, 'mode': 'LIVE'}",
b2561395-bbf0-494a-9553-b746559d087c,2025-07-08T18:00:27.924080+00:00,GOOGL,buy,45.0,174.16,"{'status': <OrderStatus.FILLED: 'filled'>, 'mode': 'LIVE'}",
GOOGL,2025-07-08T18:00:27.925462+00:00,176.78,,,185,buy,momentum+mean_reversion+ml+sentiment+regime+stochrsi+obv+vsa,,momentum+mean_reversion+ml+sentiment+regime+stochrsi+obv+vsa,1.0,
26bdcbc2-abd6-456c-93e1-a1ea7386fcc8,2025-07-08T18:07:26.408609+00:00,MSFT,buy,22.0,496.5,"{'status': <OrderStatus.FILLED: 'filled'>, 'mode': 'LIVE'}",
4bcb097a-feb5-4650-8463-59814b142131,2025-07-08T18:07:29.966500+00:00,GOOGL,buy,63.0,174.0,"{'status': <OrderStatus.FILLED: 'filled'>, 'mode': 'LIVE'}",
b76d525a-9a72-4a77-b1df-6696dc9a62fb,2025-07-08T18:07:33.551155+00:00,AMZN,buy,50.0,220.8618,"{'status': <OrderStatus.FILLED: 'filled'>, 'mode': 'LIVE'}",
cd65cd69-2456-4524-8962-79018e74847f,2025-07-08T18:07:37.237659+00:00,TSLA,buy,38.0,301.96,"{'status': <OrderStatus.FILLED: 'filled'>, 'mode': 'LIVE'}",
52e1417e-823e-477a-a9a1-cc455ec55453,2025-07-08T18:10:19.653168+00:00,TSLA,buy,153.0,302.29,"{'status': <OrderStatus.FILLED: 'filled'>, 'mode': 'LIVE'}",
dd8aac2d-713f-497f-ace4-c8ee356456df,2025-07-08T18:13:17.670916+00:00,AMZN,buy,25.0,220.81,"{'status': <OrderStatus.FILLED: 'filled'>, 'mode': 'LIVE'}",
dab0bef6-04c4-4754-83b3-aa82910eab25,2025-07-08T18:13:21.127144+00:00,AMZN,buy,16.0,220.8,"{'status': <OrderStatus.FILLED: 'filled'>, 'mode': 'LIVE'}",
AMZN,2025-07-08T18:13:21.128459+00:00,223.47,,,116,buy,momentum+mean_reversion+ml+sentiment+regime+stochrsi+obv+vsa,,momentum+mean_reversion+ml+sentiment+regime+stochrsi+obv+vsa,1.0,
6ad3b035-40c6-41c0-8ed5-4020d48bc420,2025-07-08T18:13:26.516375+00:00,GOOGL,buy,32.0,173.97,"{'status': <OrderStatus.FILLED: 'filled'>, 'mode': 'LIVE'}",
GOOGL,2025-07-08T18:13:26.682067+00:00,176.78,,,185,buy,momentum+mean_reversion+ml+sentiment+regime+stochrsi+obv+vsa,,momentum+mean_reversion+ml+sentiment+regime+stochrsi+obv+vsa,1.0,
3be79810-5f23-4a07-a6b8-9229e00b173d,2025-07-08T18:14:21.560373+00:00,MSFT,buy,11.0,496.49,"{'status': <OrderStatus.FILLED: 'filled'>, 'mode': 'LIVE'}",
MSFT,2025-07-08T18:14:21.561349+00:00,497.87,,,23,buy,momentum+mean_reversion+ml+sentiment+regime+stochrsi+obv+vsa,,momentum+mean_reversion+ml+sentiment+regime+stochrsi+obv+vsa,1.0,
c2422473-b820-46a9-8ff2-c2caf14a4b52,2025-07-08T18:17:14.406767+00:00,TSLA,buy,33.0,302.79,"{'status': <OrderStatus.FILLED: 'filled'>, 'mode': 'LIVE'}",
TSLA,2025-07-08T18:17:14.407500+00:00,294.6,,,67,buy,momentum+mean_reversion+ml+sentiment+regime+stochrsi+obv+vsa,,momentum+mean_reversion+ml+sentiment+regime+stochrsi+obv+vsa,1.0,
7ed4f3c3-be3b-43e9-a646-864e9a15a928,2025-07-08T18:20:15.210602+00:00,MSFT,buy,11.0,496.47,"{'status': <OrderStatus.FILLED: 'filled'>, 'mode': 'LIVE'}",
MSFT,2025-07-08T18:20:15.212422+00:00,497.87,,,23,buy,momentum+mean_reversion+ml+sentiment+regime+stochrsi+obv+vsa,,momentum+mean_reversion+ml+sentiment+regime+stochrsi+obv+vsa,1.0,
a5adc492-93f9-468f-8fed-1c95be72e68a,2025-07-08T18:20:20.620400+00:00,AMZN,buy,58.0,220.680172,"{'status': <OrderStatus.FILLED: 'filled'>, 'mode': 'LIVE'}",
AMZN,2025-07-08T18:20:20.621153+00:00,223.47,,,116,buy,momentum+mean_reversion+ml+sentiment+regime+stochrsi+obv+vsa,,momentum+mean_reversion+ml+sentiment+regime+stochrsi+obv+vsa,1.0,
ad5e03bd-56b9-4d7a-a2d7-93045dbc7fb5,2025-07-08T18:20:25.967541+00:00,GOOGL,buy,92.0,173.95,"{'status': <OrderStatus.FILLED: 'filled'>, 'mode': 'LIVE'}",
GOOGL,2025-07-08T18:20:25.968345+00:00,176.78,,,185,buy,momentum+mean_reversion+ml+sentiment+regime+stochrsi+obv+vsa,,momentum+mean_reversion+ml+sentiment+regime+stochrsi+obv+vsa,1.0,
f995b5ea-c481-4003-b38f-2d08da3c1de0,2025-07-08T18:23:14.309105+00:00,TSLA,buy,33.0,302.88,"{'status': <OrderStatus.FILLED: 'filled'>, 'mode': 'LIVE'}",
TSLA,2025-07-08T18:23:14.310652+00:00,294.6,,,66,buy,momentum+mean_reversion+ml+sentiment+regime+stochrsi+obv+vsa,,momentum+mean_reversion+ml+sentiment+regime+stochrsi+obv+vsa,1.0,
e8273413-a316-43a3-932c-5b4def022ccf,2025-07-08T18:26:11.226168+00:00,MSFT,buy,22.0,496.13,"{'status': <OrderStatus.FILLED: 'filled'>, 'mode': 'LIVE'}",
c498b9d0-a8f6-4583-90d3-0058e65b25a5,2025-07-08T18:26:14.794365+00:00,GOOGL,buy,63.0,173.9,"{'status': <OrderStatus.FILLED: 'filled'>, 'mode': 'LIVE'}",
3d41915a-984b-4cfe-a1e9-c776cd36a44a,2025-07-08T18:26:18.331929+00:00,AMZN,buy,50.0,220.59,"{'status': <OrderStatus.FILLED: 'filled'>, 'mode': 'LIVE'}",
299c73f7-93aa-4b53-a22c-cffe66a1e178,2025-07-08T18:26:21.882281+00:00,TSLA,buy,38.0,302.815263,"{'status': <OrderStatus.FILLED: 'filled'>, 'mode': 'LIVE'}",
6162f310-05fc-49e0-a19b-5f096819376a,2025-07-08T18:29:03.855131+00:00,TSLA,buy,153.0,302.90549,"{'status': <OrderStatus.FILLED: 'filled'>, 'mode': 'LIVE'}",
7bf79b5f-1b1c-46ce-a5bf-c5b0852040a1,2025-07-08T18:32:01.104338+00:00,AMZN,buy,58.0,220.41,"{'status': <OrderStatus.FILLED: 'filled'>, 'mode': 'LIVE'}",
AMZN,2025-07-08T18:32:01.105174+00:00,223.47,,,116,buy,momentum+mean_reversion+ml+sentiment+regime+stochrsi+obv+vsa,,momentum+mean_reversion+ml+sentiment+regime+stochrsi+obv+vsa,1.0,
5fa367e4-b1aa-4bc5-b0b9-7c50fccf46e0,2025-07-08T18:32:06.780798+00:00,GOOGL,buy,92.0,173.741196,"{'status': <OrderStatus.FILLED: 'filled'>, 'mode': 'LIVE'}",
GOOGL,2025-07-08T18:32:06.782121+00:00,176.78,,,185,buy,momentum+mean_reversion+ml+sentiment+regime+stochrsi+obv+vsa,,momentum+mean_reversion+ml+sentiment+regime+stochrsi+obv+vsa,1.0,
7bdf7733-fed2-4e1b-b9b6-e75758502c23,2025-07-08T18:33:05.481148+00:00,MSFT,buy,11.0,495.79,"{'status': <OrderStatus.FILLED: 'filled'>, 'mode': 'LIVE'}",
MSFT,2025-07-08T18:33:05.482742+00:00,497.87,,,23,buy,momentum+mean_reversion+ml+sentiment+regime+stochrsi+obv+vsa,,momentum+mean_reversion+ml+sentiment+regime+stochrsi+obv+vsa,1.0,
f14d3617-4885-4de6-8b11-223082db7315,2025-07-08T18:35:58.766417+00:00,TSLA,buy,33.0,303.18,"{'status': <OrderStatus.FILLED: 'filled'>, 'mode': 'LIVE'}",
TSLA,2025-07-08T18:35:58.768075+00:00,294.6,,,66,buy,momentum+mean_reversion+ml+sentiment+regime+stochrsi+obv+vsa,,momentum+mean_reversion+ml+sentiment+regime+stochrsi+obv+vsa,1.0,
0b9a9aa6-3a9c-4214-b3b3-45c866f88e0d,2025-07-08T18:37:59.736575+00:00,AMZN,buy,48.0,220.357292,"{'status': <OrderStatus.FILLED: 'filled'>, 'mode': 'LIVE'}",
AMZN,2025-07-08T18:37:59.954381+00:00,223.47,,,116,buy,momentum+mean_reversion+ml+sentiment+regime+stochrsi+obv+vsa,,momentum+mean_reversion+ml+sentiment+regime+stochrsi+obv+vsa,1.0,
16f18e10-0f4a-42a1-b6ee-0830a5bcb679,2025-07-08T18:38:05.214980+00:00,GOOGL,buy,90.0,173.81,"{'status': <OrderStatus.FILLED: 'filled'>, 'mode': 'LIVE'}",
GOOGL,2025-07-08T18:38:05.372219+00:00,176.78,,,185,buy,momentum+mean_reversion+ml+sentiment+regime+stochrsi+obv+vsa,,momentum+mean_reversion+ml+sentiment+regime+stochrsi+obv+vsa,1.0,
079022ad-2165-4898-92ea-9f8ffea59b57,2025-07-08T18:39:05.269001+00:00,MSFT,buy,11.0,496.06,"{'status': <OrderStatus.FILLED: 'filled'>, 'mode': 'LIVE'}",
MSFT,2025-07-08T18:39:05.269745+00:00,497.87,,,23,buy,momentum+mean_reversion+ml+sentiment+regime+stochrsi+obv+vsa,,momentum+mean_reversion+ml+sentiment+regime+stochrsi+obv+vsa,1.0,
a927dfb4-ab64-4449-8895-3565356722ec,2025-07-08T18:41:58.595352+00:00,TSLA,buy,33.0,302.64,"{'status': <OrderStatus.FILLED: 'filled'>, 'mode': 'LIVE'}",
TSLA,2025-07-08T18:41:58.597001+00:00,294.6,,,66,buy,momentum+mean_reversion+ml+sentiment+regime+stochrsi+obv+vsa,,momentum+mean_reversion+ml+sentiment+regime+stochrsi+obv+vsa,1.0,
05684e61-4901-424b-9fc4-397b9ee7c438,2025-07-08T18:44:59.538261+00:00,MSFT,buy,11.0,495.96,"{'status': <OrderStatus.FILLED: 'filled'>, 'mode': 'LIVE'}",
MSFT,2025-07-08T18:44:59.539615+00:00,497.87,,,23,buy,momentum+mean_reversion+ml+sentiment+regime+stochrsi+obv+vsa,,momentum+mean_reversion+ml+sentiment+regime+stochrsi+obv+vsa,1.0,
7b5c958a-cd76-4135-8d30-b48e8df0e7df,2025-07-08T18:45:04.643097+00:00,AMZN,buy,58.0,220.046207,"{'status': <OrderStatus.FILLED: 'filled'>, 'mode': 'LIVE'}",
AMZN,2025-07-08T18:45:04.644247+00:00,223.47,,,116,buy,momentum+mean_reversion+ml+sentiment+regime+stochrsi+obv+vsa,,momentum+mean_reversion+ml+sentiment+regime+stochrsi+obv+vsa,1.0,
20ed55ff-de32-4c91-a104-21a52be87d63,2025-07-08T18:45:09.984415+00:00,GOOGL,buy,48.0,173.581458,"{'status': <OrderStatus.FILLED: 'filled'>, 'mode': 'LIVE'}",
GOOGL,2025-07-08T18:45:10.160394+00:00,176.78,,,185,buy,momentum+mean_reversion+ml+sentiment+regime+stochrsi+obv+vsa,,momentum+mean_reversion+ml+sentiment+regime+stochrsi+obv+vsa,1.0,
78b8bc3a-9c16-4bcf-9dba-78a33f13ac3a,2025-07-08T18:47:58.556301+00:00,TSLA,buy,33.0,302.64,"{'status': <OrderStatus.FILLED: 'filled'>, 'mode': 'LIVE'}",
TSLA,2025-07-08T18:47:58.557410+00:00,294.6,,,66,buy,momentum+mean_reversion+ml+sentiment+regime+stochrsi+obv+vsa,,momentum+mean_reversion+ml+sentiment+regime+stochrsi+obv+vsa,1.0,
55eb0840-8070-42a6-851c-f1b7dd30cca4,2025-07-08T18:51:00.831066+00:00,AMZN,buy,58.0,219.74,"{'status': <OrderStatus.FILLED: 'filled'>, 'mode': 'LIVE'}",
AMZN,2025-07-08T18:51:00.831800+00:00,223.47,,,116,buy,momentum+mean_reversion+ml+sentiment+regime+stochrsi+obv+vsa,,momentum+mean_reversion+ml+sentiment+regime+stochrsi+obv+vsa,1.0,
a10b5a8b-7f6a-4793-a893-e0232fe970f5,2025-07-08T18:51:06.007067+00:00,GOOGL,buy,92.0,173.665435,"{'status': <OrderStatus.FILLED: 'filled'>, 'mode': 'LIVE'}",
GOOGL,2025-07-08T18:51:06.007669+00:00,176.78,,,185,buy,momentum+mean_reversion+ml+sentiment+regime+stochrsi+obv+vsa,,momentum+mean_reversion+ml+sentiment+regime+stochrsi+obv+vsa,1.0,
a4684925-8ed6-40ff-85ba-0a9584d21c36,2025-07-08T18:52:05.914106+00:00,MSFT,buy,11.0,496.14,"{'status': <OrderStatus.FILLED: 'filled'>, 'mode': 'LIVE'}",
MSFT,2025-07-08T18:52:05.915997+00:00,497.87,,,23,buy,momentum+mean_reversion+ml+sentiment+regime+stochrsi+obv+vsa,,momentum+mean_reversion+ml+sentiment+regime+stochrsi+obv+vsa,1.0,
90d13233-1281-45d2-a70b-2c84c7a544ad,2025-07-08T18:53:31.768092+00:00,MSFT,buy,22.0,496.25,"{'status': <OrderStatus.FILLED: 'filled'>, 'mode': 'LIVE'}",
5ff045a1-9a04-49fc-8006-51e965176c57,2025-07-08T18:53:35.346379+00:00,GOOGL,buy,63.0,173.61,"{'status': <OrderStatus.FILLED: 'filled'>, 'mode': 'LIVE'}",
3bdf48a6-db7e-470c-9755-6005bade637d,2025-07-08T18:53:38.893952+00:00,AMZN,buy,50.0,219.74,"{'status': <OrderStatus.FILLED: 'filled'>, 'mode': 'LIVE'}",
24c5fdba-d852-42d4-83c2-9e14132c9ca6,2025-07-08T18:53:42.499035+00:00,TSLA,buy,38.0,302.535001,"{'status': <OrderStatus.FILLED: 'filled'>, 'mode': 'LIVE'}",
86e57731-de74-4288-b88e-60c9e1d227bf,2025-07-08T18:56:16.858297+00:00,MSFT,buy,22.0,496.26,"{'status': <OrderStatus.FILLED: 'filled'>, 'mode': 'LIVE'}",
ceac1d1d-0ae2-42d4-ad4f-a525058a05b3,2025-07-08T18:56:20.411219+00:00,GOOGL,buy,63.0,173.6,"{'status': <OrderStatus.FILLED: 'filled'>, 'mode': 'LIVE'}",
a3263a56-fd48-4f55-96f7-b2ab66dab159,2025-07-08T18:56:23.946526+00:00,AMZN,buy,50.0,219.87,"{'status': <OrderStatus.FILLED: 'filled'>, 'mode': 'LIVE'}",
37eba914-7d3d-4034-b7ea-75fa29eae17c,2025-07-08T18:56:27.498150+00:00,TSLA,buy,38.0,302.355,"{'status': <OrderStatus.FILLED: 'filled'>, 'mode': 'LIVE'}",
abf417b7-442f-42a3-a71b-cf116ced14b6,2025-07-08T18:59:10.484562+00:00,TSLA,buy,120.0,301.94,"{'status': <OrderStatus.FILLED: 'filled'>, 'mode': 'LIVE'}",
26b8c8eb-0408-4be5-adb5-b61590b93dae,2025-07-08T19:03:06.234241+00:00,MSFT,buy,11.0,495.99,"{'status': <OrderStatus.FILLED: 'filled'>, 'mode': 'LIVE'}",
MSFT,2025-07-08T19:03:06.235653+00:00,497.87,,,23,buy,momentum+mean_reversion+ml+sentiment+regime+stochrsi+obv+vsa,,momentum+mean_reversion+ml+sentiment+regime+stochrsi+obv+vsa,1.0,
00550bf3-8d37-4b9c-a991-615006720ecc,2025-07-08T19:03:11.875134+00:00,AMZN,buy,58.0,219.88,"{'status': <OrderStatus.FILLED: 'filled'>, 'mode': 'LIVE'}",
AMZN,2025-07-08T19:03:11.878536+00:00,223.47,,,116,buy,momentum+mean_reversion+ml+sentiment+regime+stochrsi+obv+vsa,,momentum+mean_reversion+ml+sentiment+regime+stochrsi+obv+vsa,1.0,
5d0fac94-61dc-4de4-b3d2-ec985224b463,2025-07-08T19:03:17.633684+00:00,GOOGL,buy,92.0,173.54,"{'status': <OrderStatus.FILLED: 'filled'>, 'mode': 'LIVE'}",
GOOGL,2025-07-08T19:03:17.634511+00:00,176.78,,,185,buy,momentum+mean_reversion+ml+sentiment+regime+stochrsi+obv+vsa,,momentum+mean_reversion+ml+sentiment+regime+stochrsi+obv+vsa,1.0,
e657a451-5338-487d-9ac5-644e7edea020,2025-07-08T19:06:04.589370+00:00,TSLA,buy,33.0,300.83,"{'status': <OrderStatus.FILLED: 'filled'>, 'mode': 'LIVE'}",
TSLA,2025-07-08T19:06:04.590252+00:00,294.6,,,66,buy,momentum+mean_reversion+ml+sentiment+regime+stochrsi+obv+vsa,,momentum+mean_reversion+ml+sentiment+regime+stochrsi+obv+vsa,1.0,
6b79f3fb-7218-4458-92c8-05f08dea0657,2025-07-08T19:07:20.256050+00:00,MSFT,buy,22.0,495.79,"{'status': <OrderStatus.FILLED: 'filled'>, 'mode': 'LIVE'}",
9b5ce0d9-8b0e-4057-b3fc-7f8bbbc305b0,2025-07-08T19:07:23.826154+00:00,GOOGL,buy,63.0,173.53,"{'status': <OrderStatus.FILLED: 'filled'>, 'mode': 'LIVE'}",
dc9f0e3f-4a7d-4865-af64-423e78d83f8c,2025-07-08T19:07:27.430953+00:00,AMZN,buy,50.0,219.8892,"{'status': <OrderStatus.FILLED: 'filled'>, 'mode': 'LIVE'}",
3ea5dd59-7f39-4e9e-918e-dd80afcf84f5,2025-07-08T19:07:30.974346+00:00,TSLA,buy,38.0,299.803158,"{'status': <OrderStatus.FILLED: 'filled'>, 'mode': 'LIVE'}",
27c555da-0700-4c74-bfdb-56a5b82b6f4d,2025-07-08T19:10:14.675630+00:00,TSLA,buy,153.0,299.251373,"{'status': <OrderStatus.FILLED: 'filled'>, 'mode': 'LIVE'}",
9a2cf1c0-96a5-429b-b088-8ee7ceb28ae3,2025-07-08T19:13:10.732429+00:00,AMZN,buy,57.0,219.75,"{'status': <OrderStatus.FILLED: 'filled'>, 'mode': 'LIVE'}",
AMZN,2025-07-08T19:13:10.733347+00:00,223.47,,,115,buy,momentum+mean_reversion+ml+sentiment+regime+stochrsi+obv+vsa,,momentum+mean_reversion+ml+sentiment+regime+stochrsi+obv+vsa,1.0,
0aafd4f9-3b10-4b86-ab19-4ff6b0a35252,2025-07-08T19:13:16.373392+00:00,GOOGL,buy,92.0,173.63,"{'status': <OrderStatus.FILLED: 'filled'>, 'mode': 'LIVE'}",
GOOGL,2025-07-08T19:13:16.374290+00:00,176.78,,,185,buy,momentum+mean_reversion+ml+sentiment+regime+stochrsi+obv+vsa,,momentum+mean_reversion+ml+sentiment+regime+stochrsi+obv+vsa,1.0,
b2ced94f-cd82-4138-8515-ef42e304ac22,2025-07-08T19:14:15.594260+00:00,MSFT,buy,11.0,495.88,"{'status': <OrderStatus.FILLED: 'filled'>, 'mode': 'LIVE'}",
MSFT,2025-07-08T19:14:15.594897+00:00,497.87,,,23,buy,momentum+mean_reversion+ml+sentiment+regime+stochrsi+obv+vsa,,momentum+mean_reversion+ml+sentiment+regime+stochrsi+obv+vsa,1.0,
cc35a035-1b5c-4f8a-9d28-b8bfcb2adbef,2025-07-08T19:16:08.235754+00:00,TSLA,buy,33.0,298.272727,"{'status': <OrderStatus.FILLED: 'filled'>, 'mode': 'LIVE'}",
TSLA,2025-07-08T19:16:08.237263+00:00,294.6,,,66,buy,momentum+mean_reversion+ml+sentiment+regime+stochrsi+obv+vsa,,momentum+mean_reversion+ml+sentiment+regime+stochrsi+obv+vsa,1.0,
02702764-a040-4257-9da3-6d3a2a0a7374,2025-07-08T19:19:10.990443+00:00,AMZN,buy,42.0,219.949286,"{'status': <OrderStatus.FILLED: 'filled'>, 'mode': 'LIVE'}",
AMZN,2025-07-08T19:19:11.207533+00:00,223.47,,,115,buy,momentum+mean_reversion+ml+sentiment+regime+stochrsi+obv+vsa,,momentum+mean_reversion+ml+sentiment+regime+stochrsi+obv+vsa,1.0,
3b33f73e-a153-4575-9431-236c0f49c1ff,2025-07-08T19:19:16.318898+00:00,GOOGL,buy,75.0,173.61,"{'status': <OrderStatus.FILLED: 'filled'>, 'mode': 'LIVE'}",
GOOGL,2025-07-08T19:19:16.446178+00:00,176.78,,,185,buy,momentum+mean_reversion+ml+sentiment+regime+stochrsi+obv+vsa,,momentum+mean_reversion+ml+sentiment+regime+stochrsi+obv+vsa,1.0,
72d400c8-6829-4034-b7f1-dc680582c783,2025-07-08T19:20:16.974713+00:00,MSFT,buy,11.0,495.97,"{'status': <OrderStatus.FILLED: 'filled'>, 'mode': 'LIVE'}",
MSFT,2025-07-08T19:20:16.975725+00:00,497.87,,,23,buy,momentum+mean_reversion+ml+sentiment+regime+stochrsi+obv+vsa,,momentum+mean_reversion+ml+sentiment+regime+stochrsi+obv+vsa,1.0,
facb2109-39bc-4cf6-a534-c92c6c935e25,2025-07-08T19:22:38.245086+00:00,MSFT,buy,22.0,495.9,"{'status': <OrderStatus.FILLED: 'filled'>, 'mode': 'LIVE'}",
db6e84ef-3f88-47cf-8979-b61377254e53,2025-07-08T19:22:41.802938+00:00,GOOGL,buy,63.0,173.71,"{'status': <OrderStatus.FILLED: 'filled'>, 'mode': 'LIVE'}",
27170a60-a5c7-4b43-975f-bcb737c74817,2025-07-08T19:22:45.390614+00:00,AMZN,buy,50.0,220.02,"{'status': <OrderStatus.FILLED: 'filled'>, 'mode': 'LIVE'}",
a866acd0-5a33-4632-981e-9e681272778c,2025-07-08T19:22:48.948296+00:00,TSLA,buy,38.0,297.87,"{'status': <OrderStatus.FILLED: 'filled'>, 'mode': 'LIVE'}",
6a86d104-3ed6-4d00-8a1f-5b4ffe3f170d,2025-07-08T19:25:31.720403+00:00,TSLA,buy,153.0,297.87,"{'status': <OrderStatus.FILLED: 'filled'>, 'mode': 'LIVE'}",
d7e1d762-d0b0-4ec8-a131-c133a4a0d28c,2025-07-08T19:28:28.618640+00:00,AMZN,buy,58.0,219.79,"{'status': <OrderStatus.FILLED: 'filled'>, 'mode': 'LIVE'}",
AMZN,2025-07-08T19:28:28.619632+00:00,223.47,,,116,buy,momentum+mean_reversion+ml+sentiment+regime+stochrsi+obv+vsa,,momentum+mean_reversion+ml+sentiment+regime+stochrsi+obv+vsa,1.0,
99fd75db-a8f0-40b2-a041-74dc3049e5c0,2025-07-08T19:28:34.140419+00:00,GOOGL,buy,92.0,173.85,"{'status': <OrderStatus.FILLED: 'filled'>, 'mode': 'LIVE'}",
GOOGL,2025-07-08T19:28:34.141379+00:00,176.78,,,185,buy,momentum+mean_reversion+ml+sentiment+regime+stochrsi+obv+vsa,,momentum+mean_reversion+ml+sentiment+regime+stochrsi+obv+vsa,1.0,
e3723e37-3093-4ebd-808e-cc03ea2f81a6,2025-07-08T19:29:33.375344+00:00,MSFT,buy,11.0,496.0,"{'status': <OrderStatus.FILLED: 'filled'>, 'mode': 'LIVE'}",
MSFT,2025-07-08T19:29:33.376304+00:00,497.87,,,23,buy,momentum+mean_reversion+ml+sentiment+regime+stochrsi+obv+vsa,,momentum+mean_reversion+ml+sentiment+regime+stochrsi+obv+vsa,1.0,
3ea609b2-ad58-4002-945b-a7d7fefd3d3b,2025-07-08T19:32:26.069811+00:00,TSLA,buy,33.0,297.16,"{'status': <OrderStatus.FILLED: 'filled'>, 'mode': 'LIVE'}",
TSLA,2025-07-08T19:32:26.070692+00:00,294.6,,,66,buy,momentum+mean_reversion+ml+sentiment+regime+stochrsi+obv+vsa,,momentum+mean_reversion+ml+sentiment+regime+stochrsi+obv+vsa,1.0,
d0fc3a27-b61b-4447-bc1b-a029456ed3c1,2025-07-08T19:35:27.132457+00:00,MSFT,buy,11.0,495.949091,"{'status': <OrderStatus.FILLED: 'filled'>, 'mode': 'LIVE'}",
MSFT,2025-07-08T19:35:27.133158+00:00,497.87,,,23,buy,momentum+mean_reversion+ml+sentiment+regime+stochrsi+obv+vsa,,momentum+mean_reversion+ml+sentiment+regime+stochrsi+obv+vsa,1.0,
31c3ed31-bcf5-4e34-840f-1e2be9dda3c6,2025-07-08T19:35:32.413139+00:00,AMZN,buy,57.0,219.62,"{'status': <OrderStatus.FILLED: 'filled'>, 'mode': 'LIVE'}",
AMZN,2025-07-08T19:35:32.414925+00:00,223.47,,,115,buy,momentum+mean_reversion+ml+sentiment+regime+stochrsi+obv+vsa,,momentum+mean_reversion+ml+sentiment+regime+stochrsi+obv+vsa,1.0,
9c519d46-037d-4d9b-a5b3-641ce2c63ad6,2025-07-08T19:35:37.683126+00:00,GOOGL,buy,92.0,174.04087,"{'status': <OrderStatus.FILLED: 'filled'>, 'mode': 'LIVE'}",
GOOGL,2025-07-08T19:35:37.684918+00:00,176.78,,,185,buy,momentum+mean_reversion+ml+sentiment+regime+stochrsi+obv+vsa,,momentum+mean_reversion+ml+sentiment+regime+stochrsi+obv+vsa,1.0,
7c404f61-e830-4322-8abe-ac2870a59c31,2025-07-08T19:38:25.614102+00:00,TSLA,buy,33.0,295.316061,"{'status': <OrderStatus.FILLED: 'filled'>, 'mode': 'LIVE'}",
TSLA,2025-07-08T19:38:25.615597+00:00,294.6,,,66,buy,momentum+mean_reversion+ml+sentiment+regime+stochrsi+obv+vsa,,momentum+mean_reversion+ml+sentiment+regime+stochrsi+obv+vsa,1.0,
074282a5-51c5-4b49-acea-acc64055071b,2025-07-08T19:41:28.037104+00:00,AMZN,buy,57.0,219.66,"{'status': <OrderStatus.FILLED: 'filled'>, 'mode': 'LIVE'}",
AMZN,2025-07-08T19:41:28.037800+00:00,223.47,,,115,buy,momentum+mean_reversion+ml+sentiment+regime+stochrsi+obv+vsa,,momentum+mean_reversion+ml+sentiment+regime+stochrsi+obv+vsa,1.0,
36f31559-87aa-482e-b56b-cc03da9d77af,2025-07-08T19:41:33.120570+00:00,GOOGL,buy,92.0,174.09,"{'status': <OrderStatus.FILLED: 'filled'>, 'mode': 'LIVE'}",
GOOGL,2025-07-08T19:41:33.122226+00:00,176.78,,,185,buy,momentum+mean_reversion+ml+sentiment+regime+stochrsi+obv+vsa,,momentum+mean_reversion+ml+sentiment+regime+stochrsi+obv+vsa,1.0,
29de3bff-6fbe-41c9-a1df-8ab1470ebaf4,2025-07-08T19:42:33.196482+00:00,MSFT,buy,11.0,495.91,"{'status': <OrderStatus.FILLED: 'filled'>, 'mode': 'LIVE'}",
MSFT,2025-07-08T19:42:33.199390+00:00,497.87,,,23,buy,momentum+mean_reversion+ml+sentiment+regime+stochrsi+obv+vsa,,momentum+mean_reversion+ml+sentiment+regime+stochrsi+obv+vsa,1.0,
eb38b3d1-d1e6-493c-b042-9f0af9397788,2025-07-08T19:44:25.771588+00:00,TSLA,buy,33.0,296.160303,"{'status': <OrderStatus.FILLED: 'filled'>, 'mode': 'LIVE'}",
TSLA,2025-07-08T19:44:25.772357+00:00,294.6,,,66,buy,momentum+mean_reversion+ml+sentiment+regime+stochrsi+obv+vsa,,momentum+mean_reversion+ml+sentiment+regime+stochrsi+obv+vsa,1.0,
39311300-6b0d-49af-9417-75e95b9ceac8,2025-07-08T19:47:28.254270+00:00,AMZN,buy,57.0,219.763684,"{'status': <OrderStatus.FILLED: 'filled'>, 'mode': 'LIVE'}",
AMZN,2025-07-08T19:47:28.256203+00:00,223.47,,,115,buy,momentum+mean_reversion+ml+sentiment+regime+stochrsi+obv+vsa,,momentum+mean_reversion+ml+sentiment+regime+stochrsi+obv+vsa,1.0,
a9a9da04-d387-4eb8-84e7-833a369fde5f,2025-07-08T19:47:33.726445+00:00,GOOGL,buy,92.0,174.19,"{'status': <OrderStatus.FILLED: 'filled'>, 'mode': 'LIVE'}",
GOOGL,2025-07-08T19:47:33.727254+00:00,176.78,,,185,buy,momentum+mean_reversion+ml+sentiment+regime+stochrsi+obv+vsa,,momentum+mean_reversion+ml+sentiment+regime+stochrsi+obv+vsa,1.0,
4dbc6590-21d7-47fa-8f22-71249375719f,2025-07-08T19:48:32.680079+00:00,MSFT,buy,11.0,496.408182,"{'status': <OrderStatus.FILLED: 'filled'>, 'mode': 'LIVE'}",
MSFT,2025-07-08T19:48:32.680726+00:00,497.87,,,23,buy,momentum+mean_reversion+ml+sentiment+regime+stochrsi+obv+vsa,,momentum+mean_reversion+ml+sentiment+regime+stochrsi+obv+vsa,1.0,
f6a549dd-814f-4381-9236-57a794ae2c67,2025-07-08T19:51:25.775105+00:00,TSLA,buy,16.0,297.63,"{'status': <OrderStatus.FILLED: 'filled'>, 'mode': 'LIVE'}",
TSLA,2025-07-08T19:51:25.952209+00:00,294.6,,,66,buy,momentum+mean_reversion+ml+sentiment+regime+stochrsi+obv+vsa,,momentum+mean_reversion+ml+sentiment+regime+stochrsi+obv+vsa,1.0,
a83c3919-282d-4a76-8dcb-df7dfc3e1f05,2025-07-08T19:54:27.056303+00:00,MSFT,buy,11.0,496.61,"{'status': <OrderStatus.FILLED: 'filled'>, 'mode': 'LIVE'}",
MSFT,2025-07-08T19:54:27.057220+00:00,497.87,,,23,buy,momentum+mean_reversion+ml+sentiment+regime+stochrsi+obv+vsa,,momentum+mean_reversion+ml+sentiment+regime+stochrsi+obv+vsa,1.0,
ebc5e10e-f281-4cd7-a8b6-a531a29d6786,2025-07-08T19:54:32.199891+00:00,AMZN,buy,57.0,219.41,"{'status': <OrderStatus.FILLED: 'filled'>, 'mode': 'LIVE'}",
AMZN,2025-07-08T19:54:32.200563+00:00,223.47,,,115,buy,momentum+mean_reversion+ml+sentiment+regime+stochrsi+obv+vsa,,momentum+mean_reversion+ml+sentiment+regime+stochrsi+obv+vsa,1.0,
3137625e-ecac-4f13-855e-8c0b6bd6bb68,2025-07-08T19:54:37.351653+00:00,GOOGL,buy,92.0,173.93,"{'status': <OrderStatus.FILLED: 'filled'>, 'mode': 'LIVE'}",
GOOGL,2025-07-08T19:54:37.352434+00:00,176.78,,,185,buy,momentum+mean_reversion+ml+sentiment+regime+stochrsi+obv+vsa,,momentum+mean_reversion+ml+sentiment+regime+stochrsi+obv+vsa,1.0,
0b1cdba6-69bd-439a-aa89-5270d33a9108,2025-07-08T19:57:25.579119+00:00,TSLA,buy,16.0,297.94,"{'status': <OrderStatus.FILLED: 'filled'>, 'mode': 'LIVE'}",
TSLA,2025-07-08T19:57:25.792199+00:00,294.6,,,66,buy,momentum+mean_reversion+ml+sentiment+regime+stochrsi+obv+vsa,,momentum+mean_reversion+ml+sentiment+regime+stochrsi+obv+vsa,1.0,
22f43ded-718c-4afe-8106-33b9537cb8b7,2025-07-09T16:34:10.748654+00:00,MSFT,buy,22.0,500.740909,"{'status': <OrderStatus.FILLED: 'filled'>, 'mode': 'LIVE'}",
e65bd15c-4fd3-4e77-bd82-2c05fc35a7da,2025-07-09T16:34:14.315354+00:00,GOOGL,buy,58.0,177.243793,"{'status': <OrderStatus.FILLED: 'filled'>, 'mode': 'LIVE'}",
34a2872d-f032-46ee-b968-26a336b0c2eb,2025-07-09T16:34:18.117283+00:00,AMZN,buy,36.0,222.48,"{'status': <OrderStatus.FILLED: 'filled'>, 'mode': 'LIVE'}",
7a3752e2-ec4d-40ff-b944-e4978a646712,2025-07-09T16:34:21.896134+00:00,TSLA,buy,37.0,295.64,"{'status': <OrderStatus.FILLED: 'filled'>, 'mode': 'LIVE'}",
406fceb6-da37-4ae1-a0dc-b1fc1a9a69f2,2025-07-09T16:37:19.702241+00:00,MSFT,buy,22.0,500.71,"{'status': <OrderStatus.FILLED: 'filled'>, 'mode': 'LIVE'}",
9b7fcc60-3da9-420d-88bc-23bbe20d270c,2025-07-09T16:37:23.253943+00:00,GOOGL,buy,64.0,177.4,"{'status': <OrderStatus.FILLED: 'filled'>, 'mode': 'LIVE'}",
98dd4a73-9d08-423f-a185-f6aa630e2568,2025-07-09T16:37:26.835283+00:00,AMZN,buy,51.0,222.56,"{'status': <OrderStatus.FILLED: 'filled'>, 'mode': 'LIVE'}",
c4c8c9d0-65c6-4487-93e6-42fafbd053c5,2025-07-09T16:37:30.469070+00:00,TSLA,buy,37.0,295.46,"{'status': <OrderStatus.FILLED: 'filled'>, 'mode': 'LIVE'}",
9e9649ec-bb4b-4343-ac43-33636bc871b4,2025-07-09T16:40:12.933121+00:00,TSLA,buy,62.0,295.180645,"{'status': <OrderStatus.FILLED: 'filled'>, 'mode': 'LIVE'}",
8066f4b2-be82-419c-8244-2d6dc02ff6a2,2025-07-09T16:43:10.637143+00:00,AMZN,buy,59.0,222.65,"{'status': <OrderStatus.FILLED: 'filled'>, 'mode': 'LIVE'}",
AMZN,2025-07-09T16:43:10.637819+00:00,219.495,,,119,buy,momentum+mean_reversion+ml+sentiment+regime+stochrsi+obv+vsa,,momentum+mean_reversion+ml+sentiment+regime+stochrsi+obv+vsa,1.0,
ea8a9d67-9341-40c6-b576-c5ffc5660ea7,2025-07-09T16:43:17.311161+00:00,GOOGL,buy,28.0,177.62,"{'status': <OrderStatus.FILLED: 'filled'>, 'mode': 'LIVE'}",
GOOGL,2025-07-09T16:43:17.476232+00:00,174.39,,,188,buy,momentum+mean_reversion+ml+sentiment+regime+stochrsi+obv+vsa,,momentum+mean_reversion+ml+sentiment+regime+stochrsi+obv+vsa,1.0,
f42b46fa-8313-49e4-ac7e-1c0c2a0fb2b7,2025-07-09T16:44:15.061200+00:00,MSFT,buy,11.0,500.56,"{'status': <OrderStatus.FILLED: 'filled'>, 'mode': 'LIVE'}",
MSFT,2025-07-09T16:44:15.062497+00:00,496.58,,,23,buy,momentum+mean_reversion+ml+sentiment+regime+stochrsi+obv+vsa,,momentum+mean_reversion+ml+sentiment+regime+stochrsi+obv+vsa,0.2631326952209109,
1e466ba0-70e2-4127-8e70-56d48615a5d0,2025-07-09T16:46:08.059409+00:00,TSLA,buy,32.0,295.425313,"{'status': <OrderStatus.FILLED: 'filled'>, 'mode': 'LIVE'}",
TSLA,2025-07-09T16:46:08.061713+00:00,297.98,,,64,buy,momentum+mean_reversion+ml+sentiment+regime+stochrsi+obv+vsa,,momentum+mean_reversion+ml+sentiment+regime+stochrsi+obv+vsa,0.9139695768564721,
0df0a173-e06f-4faa-a41d-e4ab494e2f0c,2025-07-09T16:49:10.800000+00:00,AMZN,buy,59.0,222.9,"{'status': <OrderStatus.FILLED: 'filled'>, 'mode': 'LIVE'}",
AMZN,2025-07-09T16:49:10.800757+00:00,219.495,,,119,buy,momentum+mean_reversion+ml+sentiment+regime+stochrsi+obv+vsa,,momentum+mean_reversion+ml+sentiment+regime+stochrsi+obv+vsa,1.0,
5eef179e-a48b-4915-bce3-b7b6480bce9d,2025-07-09T16:49:16.039211+00:00,GOOGL,buy,61.0,177.513606,"{'status': <OrderStatus.FILLED: 'filled'>, 'mode': 'LIVE'}",
GOOGL,2025-07-09T16:49:16.191181+00:00,174.39,,,188,buy,momentum+mean_reversion+ml+sentiment+regime+stochrsi+obv+vsa,,momentum+mean_reversion+ml+sentiment+regime+stochrsi+obv+vsa,1.0,
fb62acbf-7bfb-47df-a2dd-348836f1a6e7,2025-07-09T16:50:14.958338+00:00,MSFT,buy,11.0,500.93,"{'status': <OrderStatus.FILLED: 'filled'>, 'mode': 'LIVE'}",
MSFT,2025-07-09T16:50:14.960272+00:00,496.58,,,23,buy,momentum+mean_reversion+ml+sentiment+regime+stochrsi+obv+vsa,,momentum+mean_reversion+ml+sentiment+regime+stochrsi+obv+vsa,0.2631326952209109,
5a4a982f-e283-4b62-8e93-0ef076877da7,2025-07-09T16:53:07.804842+00:00,TSLA,buy,32.0,295.98,"{'status': <OrderStatus.FILLED: 'filled'>, 'mode': 'LIVE'}",
TSLA,2025-07-09T16:53:07.805488+00:00,297.98,,,64,buy,momentum+mean_reversion+ml+sentiment+regime+stochrsi+obv+vsa,,momentum+mean_reversion+ml+sentiment+regime+stochrsi+obv+vsa,0.9139695768564721,
6480c290-970a-4a0c-ba7d-f320d8185860,2025-07-09T16:56:09.536115+00:00,MSFT,buy,11.0,500.869091,"{'status': <OrderStatus.FILLED: 'filled'>, 'mode': 'LIVE'}",
MSFT,2025-07-09T16:56:09.537998+00:00,496.58,,,23,buy,momentum+mean_reversion+ml+sentiment+regime+stochrsi+obv+vsa,,momentum+mean_reversion+ml+sentiment+regime+stochrsi+obv+vsa,0.2631326952209109,
ae746c65-6eb5-4175-a11e-315b62fbc21a,2025-07-09T16:56:14.765635+00:00,AMZN,buy,59.0,222.89,"{'status': <OrderStatus.FILLED: 'filled'>, 'mode': 'LIVE'}",
AMZN,2025-07-09T16:56:14.766589+00:00,219.495,,,119,buy,momentum+mean_reversion+ml+sentiment+regime+stochrsi+obv+vsa,,momentum+mean_reversion+ml+sentiment+regime+stochrsi+obv+vsa,1.0,
6104ec17-c1bf-429e-b2c5-d44a9b0e57ca,2025-07-09T16:56:20.040099+00:00,GOOGL,buy,54.0,177.62,"{'status': <OrderStatus.FILLED: 'filled'>, 'mode': 'LIVE'}",
GOOGL,2025-07-09T16:56:20.183401+00:00,174.39,,,188,buy,momentum+mean_reversion+ml+sentiment+regime+stochrsi+obv+vsa,,momentum+mean_reversion+ml+sentiment+regime+stochrsi+obv+vsa,1.0,
ed610462-94c7-445a-8ee8-83003176ff0a,2025-07-09T17:01:07.646031+00:00,TSLA,buy,25.0,295.46,"{'status': <OrderStatus.FILLED: 'filled'>, 'mode': 'LIVE'}",
TSLA,2025-07-09T17:01:07.836408+00:00,297.98,,,64,buy,momentum+mean_reversion+ml+sentiment+regime+stochrsi+obv+vsa,,momentum+mean_reversion+ml+sentiment+regime+stochrsi+obv+vsa,0.9139695768564721,
e13afcbe-7bef-4be1-b7ff-6d6acef656b9,2025-07-09T17:02:09.094111+00:00,AMZN,buy,59.0,222.67,"{'status': <OrderStatus.FILLED: 'filled'>, 'mode': 'LIVE'}",
AMZN,2025-07-09T17:02:09.095776+00:00,219.495,,,119,buy,momentum+mean_reversion+ml+sentiment+regime+stochrsi+obv+vsa,,momentum+mean_reversion+ml+sentiment+regime+stochrsi+obv+vsa,1.0,
1119809b-c867-44cd-acbb-f17f9a3ddd87,2025-07-09T17:02:14.187081+00:00,GOOGL,buy,94.0,177.69,"{'status': <OrderStatus.FILLED: 'filled'>, 'mode': 'LIVE'}",
GOOGL,2025-07-09T17:02:14.188275+00:00,174.39,,,188,buy,momentum+mean_reversion+ml+sentiment+regime+stochrsi+obv+vsa,,momentum+mean_reversion+ml+sentiment+regime+stochrsi+obv+vsa,1.0,
4551e4b8-65d0-42e0-9d38-4d27f363d5b9,2025-07-09T17:03:14.665607+00:00,MSFT,buy,11.0,500.19,"{'status': <OrderStatus.FILLED: 'filled'>, 'mode': 'LIVE'}",
MSFT,2025-07-09T17:03:14.667452+00:00,496.58,,,23,buy,momentum+mean_reversion+ml+sentiment+regime+stochrsi+obv+vsa,,momentum+mean_reversion+ml+sentiment+regime+stochrsi+obv+vsa,0.2631326952209109,
062edaa3-9aaf-4b11-bed4-b4ff04453357,2025-07-09T17:07:07.874085+00:00,TSLA,buy,32.0,295.204687,"{'status': <OrderStatus.FILLED: 'filled'>, 'mode': 'LIVE'}",
TSLA,2025-07-09T17:07:07.876587+00:00,297.98,,,64,buy,momentum+mean_reversion+ml+sentiment+regime+stochrsi+obv+vsa,,momentum+mean_reversion+ml+sentiment+regime+stochrsi+obv+vsa,0.9139695768564721,
6ceb5a1f-0bb3-4cfb-92dc-ae415e688cb4,2025-07-09T17:08:09.100081+00:00,AMZN,buy,55.0,222.58,"{'status': <OrderStatus.FILLED: 'filled'>, 'mode': 'LIVE'}",
AMZN,2025-07-09T17:08:09.101226+00:00,219.495,,,110,buy,momentum+mean_reversion+ml+sentiment+regime+stochrsi+obv+vsa,,momentum+mean_reversion+ml+sentiment+regime+stochrsi+obv+vsa,1.0,
40850f56-c4aa-42aa-aaeb-c563d65654af,2025-07-09T17:08:14.311799+00:00,GOOGL,buy,87.0,177.6,"{'status': <OrderStatus.FILLED: 'filled'>, 'mode': 'LIVE'}",
GOOGL,2025-07-09T17:08:14.312739+00:00,174.39,,,174,buy,momentum+mean_reversion+ml+sentiment+regime+stochrsi+obv+vsa,,momentum+mean_reversion+ml+sentiment+regime+stochrsi+obv+vsa,1.0,
b3b5a9b6-f06b-40d5-9022-650e6684ccdb,2025-07-09T17:09:14.483446+00:00,MSFT,buy,11.0,500.6,"{'status': <OrderStatus.FILLED: 'filled'>, 'mode': 'LIVE'}",
MSFT,2025-07-09T17:09:14.484634+00:00,496.58,,,23,buy,momentum+mean_reversion+ml+sentiment+regime+stochrsi+obv+vsa,,momentum+mean_reversion+ml+sentiment+regime+stochrsi+obv+vsa,0.2631326952209109,
4a15af26-74cf-4815-be1a-d7dde8cf65e8,2025-07-09T17:13:07.705614+00:00,TSLA,buy,16.0,294.755,"{'status': <OrderStatus.FILLED: 'filled'>, 'mode': 'LIVE'}",
TSLA,2025-07-09T17:13:07.898118+00:00,297.98,,,64,buy,momentum+mean_reversion+ml+sentiment+regime+stochrsi+obv+vsa,,momentum+mean_reversion+ml+sentiment+regime+stochrsi+obv+vsa,0.9139695768564721,
8f8e1576-c20f-41ba-98c3-53d8f25565b7,2025-07-09T17:14:09.207226+00:00,AMZN,buy,52.0,222.59,"{'status': <OrderStatus.FILLED: 'filled'>, 'mode': 'LIVE'}",
AMZN,2025-07-09T17:14:09.379329+00:00,219.495,,,119,buy,momentum+mean_reversion+ml+sentiment+regime+stochrsi+obv+vsa,,momentum+mean_reversion+ml+sentiment+regime+stochrsi+obv+vsa,1.0,
b8646bc6-f3d8-4d98-8343-b7a512d48a63,2025-07-09T17:14:14.603183+00:00,GOOGL,buy,74.0,177.212703,"{'status': <OrderStatus.FILLED: 'filled'>, 'mode': 'LIVE'}",
GOOGL,2025-07-09T17:14:14.734279+00:00,174.39,,,188,buy,momentum+mean_reversion+ml+sentiment+regime+stochrsi+obv+vsa,,momentum+mean_reversion+ml+sentiment+regime+stochrsi+obv+vsa,1.0,
038c4fbd-643a-4e75-b772-52a7a6d3a5d0,2025-07-09T17:16:09.722988+00:00,MSFT,buy,11.0,501.45,"{'status': <OrderStatus.FILLED: 'filled'>, 'mode': 'LIVE'}",
MSFT,2025-07-09T17:16:09.723697+00:00,496.58,,,23,buy,momentum+mean_reversion+ml+sentiment+regime+stochrsi+obv+vsa,,momentum+mean_reversion+ml+sentiment+regime+stochrsi+obv+vsa,0.2631326952209109,
8a2415fc-ff1c-4945-86af-b5d8f29381ae,2025-07-09T17:19:07.659392+00:00,TSLA,buy,32.0,294.958438,"{'status': <OrderStatus.FILLED: 'filled'>, 'mode': 'LIVE'}",
TSLA,2025-07-09T17:19:07.660270+00:00,297.98,,,64,buy,momentum+mean_reversion+ml+sentiment+regime+stochrsi+obv+vsa,,momentum+mean_reversion+ml+sentiment+regime+stochrsi+obv+vsa,0.9139695768564721,
c83e8a6e-08f7-4312-8258-7d531b75cbff,2025-07-09T17:20:09.883077+00:00,AMZN,buy,59.0,222.475763,"{'status': <OrderStatus.FILLED: 'filled'>, 'mode': 'LIVE'}",
AMZN,2025-07-09T17:20:09.884664+00:00,219.495,,,118,buy,momentum+mean_reversion+ml+sentiment+regime+stochrsi+obv+vsa,,momentum+mean_reversion+ml+sentiment+regime+stochrsi+obv+vsa,1.0,
6737216c-e103-4be3-bf37-d532337fff7f,2025-07-09T17:20:14.970717+00:00,GOOGL,buy,57.0,177.26,"{'status': <OrderStatus.FILLED: 'filled'>, 'mode': 'LIVE'}",
GOOGL,2025-07-09T17:20:15.098234+00:00,174.39,,,186,buy,momentum+mean_reversion+ml+sentiment+regime+stochrsi+obv+vsa,,momentum+mean_reversion+ml+sentiment+regime+stochrsi+obv+vsa,1.0,
428acac2-0b93-4de8-b9ef-a4a6493a19f4,2025-07-09T17:23:09.171613+00:00,MSFT,buy,11.0,501.33,"{'status': <OrderStatus.FILLED: 'filled'>, 'mode': 'LIVE'}",
MSFT,2025-07-09T17:23:09.172559+00:00,496.58,,,23,buy,momentum+mean_reversion+ml+sentiment+regime+stochrsi+obv+vsa,,momentum+mean_reversion+ml+sentiment+regime+stochrsi+obv+vsa,0.2631326952209109,
fb5b5816-327e-43fd-9b33-c261b199af61,2025-07-09T17:26:07.995611+00:00,TSLA,buy,32.0,294.77,"{'status': <OrderStatus.FILLED: 'filled'>, 'mode': 'LIVE'}",
TSLA,2025-07-09T17:26:07.996399+00:00,297.98,,,64,buy,momentum+mean_reversion+ml+sentiment+regime+stochrsi+obv+vsa,,momentum+mean_reversion+ml+sentiment+regime+stochrsi+obv+vsa,0.9139695768564721,
fa7e009c-0136-4fff-8c06-47d8e563b9a0,2025-07-09T17:26:14.386117+00:00,AMZN,buy,59.0,222.72,"{'status': <OrderStatus.FILLED: 'filled'>, 'mode': 'LIVE'}",
AMZN,2025-07-09T17:26:14.387323+00:00,219.495,,,119,buy,momentum+mean_reversion+ml+sentiment+regime+stochrsi+obv+vsa,,momentum+mean_reversion+ml+sentiment+regime+stochrsi+obv+vsa,1.0,
02b47893-b14b-4cf7-b67b-67694474c33a,2025-07-09T17:26:19.629017+00:00,GOOGL,buy,84.0,177.399881,"{'status': <OrderStatus.FILLED: 'filled'>, 'mode': 'LIVE'}",
GOOGL,2025-07-09T17:26:19.839643+00:00,174.39,,,188,buy,momentum+mean_reversion+ml+sentiment+regime+stochrsi+obv+vsa,,momentum+mean_reversion+ml+sentiment+regime+stochrsi+obv+vsa,1.0,
7da358ed-c0ea-4b41-8c51-90eb2c3110a9,2025-07-09T17:30:09.283054+00:00,MSFT,buy,11.0,501.53,"{'status': <OrderStatus.FILLED: 'filled'>, 'mode': 'LIVE'}",
MSFT,2025-07-09T17:30:09.284625+00:00,496.58,,,23,buy,momentum+mean_reversion+ml+sentiment+regime+stochrsi+obv+vsa,,momentum+mean_reversion+ml+sentiment+regime+stochrsi+obv+vsa,0.2631326952209109,
4817017f-cfa1-47c0-8bb3-8e70034debf6,2025-07-09T17:33:08.292298+00:00,TSLA,buy,32.0,294.29,"{'status': <OrderStatus.FILLED: 'filled'>, 'mode': 'LIVE'}",
TSLA,2025-07-09T17:33:08.294027+00:00,297.98,,,64,buy,momentum+mean_reversion+ml+sentiment+regime+stochrsi+obv+vsa,,momentum+mean_reversion+ml+sentiment+regime+stochrsi+obv+vsa,0.9139695768564721,
afb6d913-acd2-4970-86dd-1df9461dc0d0,2025-07-09T17:33:14.666392+00:00,AMZN,buy,59.0,222.51,"{'status': <OrderStatus.FILLED: 'filled'>, 'mode': 'LIVE'}",
AMZN,2025-07-09T17:33:14.667996+00:00,219.495,,,119,buy,momentum+mean_reversion+ml+sentiment+regime+stochrsi+obv+vsa,,momentum+mean_reversion+ml+sentiment+regime+stochrsi+obv+vsa,1.0,
a26a9c03-1ae3-409f-8900-df79d388d30f,2025-07-09T17:33:19.949335+00:00,GOOGL,buy,94.0,177.46,"{'status': <OrderStatus.FILLED: 'filled'>, 'mode': 'LIVE'}",
GOOGL,2025-07-09T17:33:19.950071+00:00,174.39,,,188,buy,momentum+mean_reversion+ml+sentiment+regime+stochrsi+obv+vsa,,momentum+mean_reversion+ml+sentiment+regime+stochrsi+obv+vsa,1.0,
1bce8972-d402-40da-9983-7a2dbcb806e3,2025-07-09T17:37:09.183607+00:00,MSFT,buy,11.0,501.81,"{'status': <OrderStatus.FILLED: 'filled'>, 'mode': 'LIVE'}",
MSFT,2025-07-09T17:37:09.184566+00:00,496.58,,,23,buy,momentum+mean_reversion+ml+sentiment+regime+stochrsi+obv+vsa,,momentum+mean_reversion+ml+sentiment+regime+stochrsi+obv+vsa,0.2631326952209109,
7de9dbfa-d36d-4621-9ab9-7c46a8211115,2025-07-09T17:39:14.674153+00:00,AMZN,buy,55.0,222.6,"{'status': <OrderStatus.FILLED: 'filled'>, 'mode': 'LIVE'}",
AMZN,2025-07-09T17:39:14.676001+00:00,219.495,,,111,buy,momentum+mean_reversion+ml+sentiment+regime+stochrsi+obv+vsa,,momentum+mean_reversion+ml+sentiment+regime+stochrsi+obv+vsa,1.0,
9977108d-993b-41cd-b27a-62bd7dc06208,2025-07-09T17:39:20.075418+00:00,GOOGL,buy,73.0,177.56,"{'status': <OrderStatus.FILLED: 'filled'>, 'mode': 'LIVE'}",
GOOGL,2025-07-09T17:39:20.299196+00:00,174.39,,,177,buy,momentum+mean_reversion+ml+sentiment+regime+stochrsi+obv+vsa,,momentum+mean_reversion+ml+sentiment+regime+stochrsi+obv+vsa,1.0,
7c9b9c3e-7294-4ec7-8807-a0ff4528a6d2,2025-07-09T17:41:08.009447+00:00,TSLA,buy,32.0,295.25,"{'status': <OrderStatus.FILLED: 'filled'>, 'mode': 'LIVE'}",
TSLA,2025-07-09T17:41:08.010201+00:00,297.98,,,64,buy,momentum+mean_reversion+ml+sentiment+regime+stochrsi+obv+vsa,,momentum+mean_reversion+ml+sentiment+regime+stochrsi+obv+vsa,0.9139695768564721,
59a790d2-6900-4294-829a-199149a00493,2025-07-09T17:45:11.511266+00:00,AMZN,buy,17.0,222.46,"{'status': <OrderStatus.FILLED: 'filled'>, 'mode': 'LIVE'}",
AMZN,2025-07-09T17:45:11.756649+00:00,219.495,,,119,buy,momentum+mean_reversion+ml+sentiment+regime+stochrsi+obv+vsa,,momentum+mean_reversion+ml+sentiment+regime+stochrsi+obv+vsa,1.0,
b44b87b1-d213-4c07-b723-03b9a69106bf,2025-07-09T17:45:17.147191+00:00,GOOGL,buy,40.0,177.36,"{'status': <OrderStatus.FILLED: 'filled'>, 'mode': 'LIVE'}",
GOOGL,2025-07-09T17:45:17.313566+00:00,174.39,,,188,buy,momentum+mean_reversion+ml+sentiment+regime+stochrsi+obv+vsa,,momentum+mean_reversion+ml+sentiment+regime+stochrsi+obv+vsa,1.0,
b4fc6e09-d402-420c-b5e2-1cfa1efd24ee,2025-07-09T17:46:16.468438+00:00,MSFT,buy,11.0,501.56,"{'status': <OrderStatus.FILLED: 'filled'>, 'mode': 'LIVE'}",
MSFT,2025-07-09T17:46:16.470235+00:00,496.58,,,23,buy,momentum+mean_reversion+ml+sentiment+regime+stochrsi+obv+vsa,,momentum+mean_reversion+ml+sentiment+regime+stochrsi+obv+vsa,0.2631326952209109,
c30b58ff-6f78-4843-997a-752bf371cbd7,2025-07-09T17:48:08.319589+00:00,TSLA,buy,32.0,294.59875,"{'status': <OrderStatus.FILLED: 'filled'>, 'mode': 'LIVE'}",
TSLA,2025-07-09T17:48:08.321741+00:00,297.98,,,64,buy,momentum+mean_reversion+ml+sentiment+regime+stochrsi+obv+vsa,,momentum+mean_reversion+ml+sentiment+regime+stochrsi+obv+vsa,0.9139695768564721,
0dba031a-96c3-455d-957a-6854ba753886,2025-07-09T17:51:10.222871+00:00,AMZN,buy,29.0,221.91,"{'status': <OrderStatus.FILLED: 'filled'>, 'mode': 'LIVE'}",
AMZN,2025-07-09T17:51:10.363906+00:00,219.495,,,119,buy,momentum+mean_reversion+ml+sentiment+regime+stochrsi+obv+vsa,,momentum+mean_reversion+ml+sentiment+regime+stochrsi+obv+vsa,1.0,
171bee48-d9d3-4515-ad40-4f5f0a894dec,2025-07-09T17:51:15.611280+00:00,GOOGL,buy,44.0,177.24,"{'status': <OrderStatus.FILLED: 'filled'>, 'mode': 'LIVE'}",
GOOGL,2025-07-09T17:51:15.789749+00:00,174.39,,,188,buy,momentum+mean_reversion+ml+sentiment+regime+stochrsi+obv+vsa,,momentum+mean_reversion+ml+sentiment+regime+stochrsi+obv+vsa,1.0,
58c34dc7-0804-472d-940d-734058eb933a,2025-07-09T17:52:14.988361+00:00,MSFT,buy,11.0,501.77,"{'status': <OrderStatus.FILLED: 'filled'>, 'mode': 'LIVE'}",
MSFT,2025-07-09T17:52:14.990179+00:00,496.58,,,23,buy,momentum+mean_reversion+ml+sentiment+regime+stochrsi+obv+vsa,,momentum+mean_reversion+ml+sentiment+regime+stochrsi+obv+vsa,0.2631326952209109,
46d9e0e6-2fe5-41ff-9033-7b902ae1f4f1,2025-07-09T17:54:08.305359+00:00,TSLA,buy,32.0,295.14,"{'status': <OrderStatus.FILLED: 'filled'>, 'mode': 'LIVE'}",
TSLA,2025-07-09T17:54:08.306035+00:00,297.98,,,64,buy,momentum+mean_reversion+ml+sentiment+regime+stochrsi+obv+vsa,,momentum+mean_reversion+ml+sentiment+regime+stochrsi+obv+vsa,0.9139695768564721,
8137f6e4-0bd1-4559-a5ae-032bb24d41b6,2025-07-09T17:57:10.296604+00:00,AMZN,buy,29.0,221.928621,"{'status': <OrderStatus.FILLED: 'filled'>, 'mode': 'LIVE'}",
AMZN,2025-07-09T17:57:10.512256+00:00,219.495,,,119,buy,momentum+mean_reversion+ml+sentiment+regime+stochrsi+obv+vsa,,momentum+mean_reversion+ml+sentiment+regime+stochrsi+obv+vsa,1.0,
b5211cdc-a22e-4e70-9155-49e3515c20b1,2025-07-09T17:57:15.889576+00:00,GOOGL,buy,47.0,174.724894,"{'status': <OrderStatus.FILLED: 'filled'>, 'mode': 'LIVE'}",
GOOGL,2025-07-09T17:57:16.017037+00:00,174.39,,,188,buy,momentum+mean_reversion+ml+sentiment+regime+stochrsi+obv+vsa,,momentum+mean_reversion+ml+sentiment+regime+stochrsi+obv+vsa,1.0,
e9416b3a-e182-4181-a78c-16cb911ceb56,2025-07-09T17:58:14.940135+00:00,MSFT,buy,11.0,501.66,"{'status': <OrderStatus.FILLED: 'filled'>, 'mode': 'LIVE'}",
MSFT,2025-07-09T17:58:14.941787+00:00,496.58,,,23,buy,momentum+mean_reversion+ml+sentiment+regime+stochrsi+obv+vsa,,momentum+mean_reversion+ml+sentiment+regime+stochrsi+obv+vsa,0.2631326952209109,
6dea72f5-1c0d-4e97-9d78-3d8fbadd9fc7,2025-07-09T18:01:08.471453+00:00,TSLA,buy,32.0,295.43,"{'status': <OrderStatus.FILLED: 'filled'>, 'mode': 'LIVE'}",
TSLA,2025-07-09T18:01:08.472228+00:00,297.98,,,64,buy,momentum+mean_reversion+ml+sentiment+regime+stochrsi+obv+vsa,,momentum+mean_reversion+ml+sentiment+regime+stochrsi+obv+vsa,0.9139695768564721,
1f82a804-5302-4868-91b7-ac33bfcd7eaf,2025-07-09T18:04:09.173601+00:00,MSFT,buy,11.0,501.85,"{'status': <OrderStatus.FILLED: 'filled'>, 'mode': 'LIVE'}",
MSFT,2025-07-09T18:04:09.174510+00:00,496.58,,,23,buy,momentum+mean_reversion+ml+sentiment+regime+stochrsi+obv+vsa,,momentum+mean_reversion+ml+sentiment+regime+stochrsi+obv+vsa,0.2631326952209109,
4b13083b-1fed-426f-b162-ad8746bd211c,2025-07-09T18:04:14.319315+00:00,AMZN,buy,26.0,222.38,"{'status': <OrderStatus.FILLED: 'filled'>, 'mode': 'LIVE'}",
AMZN,2025-07-09T18:04:14.529756+00:00,219.495,,,119,buy,momentum+mean_reversion+ml+sentiment+regime+stochrsi+obv+vsa,,momentum+mean_reversion+ml+sentiment+regime+stochrsi+obv+vsa,1.0,
148cb01f-1c20-4e0d-8b7a-64fb46b529dd,2025-07-09T18:04:19.894485+00:00,GOOGL,buy,47.0,175.31383,"{'status': <OrderStatus.FILLED: 'filled'>, 'mode': 'LIVE'}",
GOOGL,2025-07-09T18:04:20.026554+00:00,174.39,,,188,buy,momentum+mean_reversion+ml+sentiment+regime+stochrsi+obv+vsa,,momentum+mean_reversion+ml+sentiment+regime+stochrsi+obv+vsa,1.0,
2dbca5ff-5ed5-4e79-a1cf-3b660c3ebd4c,2025-07-09T18:07:08.103465+00:00,TSLA,buy,32.0,295.388125,"{'status': <OrderStatus.FILLED: 'filled'>, 'mode': 'LIVE'}",
TSLA,2025-07-09T18:07:08.105422+00:00,297.98,,,64,buy,momentum+mean_reversion+ml+sentiment+regime+stochrsi+obv+vsa,,momentum+mean_reversion+ml+sentiment+regime+stochrsi+obv+vsa,0.9139695768564721,
4f61e443-2352-4c81-8c93-a8960ffaa9a7,2025-07-09T18:10:10.822327+00:00,AMZN,buy,29.0,222.67,"{'status': <OrderStatus.FILLED: 'filled'>, 'mode': 'LIVE'}",
AMZN,2025-07-09T18:10:10.963448+00:00,219.495,,,119,buy,momentum+mean_reversion+ml+sentiment+regime+stochrsi+obv+vsa,,momentum+mean_reversion+ml+sentiment+regime+stochrsi+obv+vsa,1.0,
0da4b1ca-d810-4efd-bce4-b1d10897379e,2025-07-09T18:10:16.305133+00:00,GOOGL,buy,47.0,175.78,"{'status': <OrderStatus.FILLED: 'filled'>, 'mode': 'LIVE'}",
GOOGL,2025-07-09T18:10:16.470431+00:00,174.39,,,188,buy,momentum+mean_reversion+ml+sentiment+regime+stochrsi+obv+vsa,,momentum+mean_reversion+ml+sentiment+regime+stochrsi+obv+vsa,1.0,
5d1d6ae8-f593-41ed-afa4-7617b7886150,2025-07-09T18:11:15.270177+00:00,MSFT,buy,11.0,502.358182,"{'status': <OrderStatus.FILLED: 'filled'>, 'mode': 'LIVE'}",
MSFT,2025-07-09T18:11:15.270803+00:00,496.58,,,23,buy,momentum+mean_reversion+ml+sentiment+regime+stochrsi+obv+vsa,,momentum+mean_reversion+ml+sentiment+regime+stochrsi+obv+vsa,0.2631326952209109,
0a3a61c5-38ae-4fe4-9d59-c3468b57f578,2025-07-09T18:14:08.982958+00:00,TSLA,buy,32.0,296.33,"{'status': <OrderStatus.FILLED: 'filled'>, 'mode': 'LIVE'}",
TSLA,2025-07-09T18:14:08.983691+00:00,297.98,,,64,buy,momentum+mean_reversion+ml+sentiment+regime+stochrsi+obv+vsa,,momentum+mean_reversion+ml+sentiment+regime+stochrsi+obv+vsa,0.9139695768564721,
d2ed51bb-9efa-44a3-88c1-c017cacdf33b,2025-07-09T18:17:09.594547+00:00,MSFT,buy,11.0,502.28,"{'status': <OrderStatus.FILLED: 'filled'>, 'mode': 'LIVE'}",
MSFT,2025-07-09T18:17:09.595267+00:00,496.58,,,23,buy,momentum+mean_reversion+ml+sentiment+regime+stochrsi+obv+vsa,,momentum+mean_reversion+ml+sentiment+regime+stochrsi+obv+vsa,0.2631326952209109,
b36fca62-a2c1-467e-85c1-895dcd0defec,2025-07-09T18:17:14.851198+00:00,AMZN,buy,59.0,222.33,"{'status': <OrderStatus.FILLED: 'filled'>, 'mode': 'LIVE'}",
AMZN,2025-07-09T18:17:14.852735+00:00,219.495,,,119,buy,momentum+mean_reversion+ml+sentiment+regime+stochrsi+obv+vsa,,momentum+mean_reversion+ml+sentiment+regime+stochrsi+obv+vsa,1.0,
8280ec06-6439-4a00-9870-146a226267bb,2025-07-09T18:17:20.329311+00:00,GOOGL,buy,47.0,175.72,"{'status': <OrderStatus.FILLED: 'filled'>, 'mode': 'LIVE'}",
GOOGL,2025-07-09T18:17:20.513333+00:00,174.39,,,188,buy,momentum+mean_reversion+ml+sentiment+regime+stochrsi+obv+vsa,,momentum+mean_reversion+ml+sentiment+regime+stochrsi+obv+vsa,1.0,
6fd8ff39-8da6-4b9e-93fc-0e9519d730b3,2025-07-09T18:20:08.396416+00:00,TSLA,buy,32.0,296.331562,"{'status': <OrderStatus.FILLED: 'filled'>, 'mode': 'LIVE'}",
TSLA,2025-07-09T18:20:08.398269+00:00,297.98,,,64,buy,momentum+mean_reversion+ml+sentiment+regime+stochrsi+obv+vsa,,momentum+mean_reversion+ml+sentiment+regime+stochrsi+obv+vsa,0.9139695768564721,
f58d12b7-d26f-4a81-87c5-cc09128b938e,2025-07-09T18:23:11.363434+00:00,AMZN,buy,59.0,222.43,"{'status': <OrderStatus.FILLED: 'filled'>, 'mode': 'LIVE'}",
AMZN,2025-07-09T18:23:11.364213+00:00,219.495,,,119,buy,momentum+mean_reversion+ml+sentiment+regime+stochrsi+obv+vsa,,momentum+mean_reversion+ml+sentiment+regime+stochrsi+obv+vsa,1.0,
e7e585d2-b33f-4400-8ad4-7a298035d34f,2025-07-09T18:23:16.507186+00:00,GOOGL,buy,37.0,176.18,"{'status': <OrderStatus.FILLED: 'filled'>, 'mode': 'LIVE'}",
GOOGL,2025-07-09T18:23:16.674191+00:00,174.39,,,188,buy,momentum+mean_reversion+ml+sentiment+regime+stochrsi+obv+vsa,,momentum+mean_reversion+ml+sentiment+regime+stochrsi+obv+vsa,1.0,
e7e4e7cb-eac9-4469-9d0b-abbeeec12a24,2025-07-09T18:24:57.478401+00:00,MSFT,buy,22.0,502.77,"{'status': <OrderStatus.FILLED: 'filled'>, 'mode': 'LIVE'}",
80f272ff-80ba-4acd-bfbb-866d52d726ec,2025-07-09T18:25:01.081015+00:00,GOOGL,buy,64.0,176.05,"{'status': <OrderStatus.FILLED: 'filled'>, 'mode': 'LIVE'}",
9e51ea84-256d-49cf-bed5-1241056f916c,2025-07-09T18:25:04.733051+00:00,AMZN,buy,51.0,222.45,"{'status': <OrderStatus.FILLED: 'filled'>, 'mode': 'LIVE'}",
df962a90-d4e4-46ad-b64f-4f26608434b0,2025-07-09T18:25:08.255169+00:00,TSLA,buy,36.0,296.8725,"{'status': <OrderStatus.FILLED: 'filled'>, 'mode': 'LIVE'}",
50c689e0-0d75-40e1-a579-e5fabe50e773,2025-07-09T18:27:51.025212+00:00,TSLA,buy,106.0,296.56,"{'status': <OrderStatus.FILLED: 'filled'>, 'mode': 'LIVE'}",
dea71d6e-368f-432e-9ccd-658487a07e20,2025-07-09T18:30:47.837620+00:00,AMZN,buy,59.0,222.460678,"{'status': <OrderStatus.FILLED: 'filled'>, 'mode': 'LIVE'}",
AMZN,2025-07-09T18:30:47.838640+00:00,219.495,,,119,buy,momentum+mean_reversion+ml+sentiment+regime+stochrsi+obv+vsa,,momentum+mean_reversion+ml+sentiment+regime+stochrsi+obv+vsa,1.0,
c0d3c8f6-a286-4abb-8c5b-dfaeb3676eb4,2025-07-09T18:30:53.750679+00:00,GOOGL,buy,94.0,176.253404,"{'status': <OrderStatus.FILLED: 'filled'>, 'mode': 'LIVE'}",
GOOGL,2025-07-09T18:30:53.751343+00:00,174.39,,,188,buy,momentum+mean_reversion+ml+sentiment+regime+stochrsi+obv+vsa,,momentum+mean_reversion+ml+sentiment+regime+stochrsi+obv+vsa,1.0,
a60840e5-d8b6-4ae9-bdd6-0952682b2c65,2025-07-09T18:31:52.580285+00:00,MSFT,buy,11.0,502.6,"{'status': <OrderStatus.FILLED: 'filled'>, 'mode': 'LIVE'}",
MSFT,2025-07-09T18:31:52.581389+00:00,496.58,,,23,buy,momentum+mean_reversion+ml+sentiment+regime+stochrsi+obv+vsa,,momentum+mean_reversion+ml+sentiment+regime+stochrsi+obv+vsa,0.2631326952209109,
4a32eb0b-21e3-43ac-a54b-c7bc2ee32fb4,2025-07-09T18:33:45.536325+00:00,TSLA,buy,32.0,296.33,"{'status': <OrderStatus.FILLED: 'filled'>, 'mode': 'LIVE'}",
TSLA,2025-07-09T18:33:45.537005+00:00,297.98,,,64,buy,momentum+mean_reversion+ml+sentiment+regime+stochrsi+obv+vsa,,momentum+mean_reversion+ml+sentiment+regime+stochrsi+obv+vsa,0.9139695768564721,
3863a073-04da-419f-a6b4-343e43b982c9,2025-07-09T18:36:47.608454+00:00,AMZN,buy,59.0,222.57,"{'status': <OrderStatus.FILLED: 'filled'>, 'mode': 'LIVE'}",
AMZN,2025-07-09T18:36:47.609389+00:00,219.495,,,119,buy,momentum+mean_reversion+ml+sentiment+regime+stochrsi+obv+vsa,,momentum+mean_reversion+ml+sentiment+regime+stochrsi+obv+vsa,1.0,
a15b7315-0987-48a1-b6dd-9dd97da72575,2025-07-09T18:36:52.848005+00:00,GOOGL,buy,94.0,176.34,"{'status': <OrderStatus.FILLED: 'filled'>, 'mode': 'LIVE'}",
GOOGL,2025-07-09T18:36:52.848747+00:00,174.39,,,188,buy,momentum+mean_reversion+ml+sentiment+regime+stochrsi+obv+vsa,,momentum+mean_reversion+ml+sentiment+regime+stochrsi+obv+vsa,1.0,
558da378-0537-456b-b1a0-36274b07c44e,2025-07-09T18:38:46.340977+00:00,MSFT,buy,11.0,502.62,"{'status': <OrderStatus.FILLED: 'filled'>, 'mode': 'LIVE'}",
MSFT,2025-07-09T18:38:46.341676+00:00,496.58,,,23,buy,momentum+mean_reversion+ml+sentiment+regime+stochrsi+obv+vsa,,momentum+mean_reversion+ml+sentiment+regime+stochrsi+obv+vsa,0.2631326952209109,
73bb4246-c617-4f2b-be36-ec976da42b84,2025-07-09T18:39:46.075418+00:00,TSLA,buy,32.0,296.6,"{'status': <OrderStatus.FILLED: 'filled'>, 'mode': 'LIVE'}",
TSLA,2025-07-09T18:39:46.076301+00:00,297.98,,,64,buy,momentum+mean_reversion+ml+sentiment+regime+stochrsi+obv+vsa,,momentum+mean_reversion+ml+sentiment+regime+stochrsi+obv+vsa,0.9139695768564721,
a4b6e511-3550-4091-aab6-e774be3d8d9d,2025-07-09T18:42:47.516720+00:00,AMZN,buy,59.0,222.51,"{'status': <OrderStatus.FILLED: 'filled'>, 'mode': 'LIVE'}",
AMZN,2025-07-09T18:42:47.519079+00:00,219.495,,,119,buy,momentum+mean_reversion+ml+sentiment+regime+stochrsi+obv+vsa,,momentum+mean_reversion+ml+sentiment+regime+stochrsi+obv+vsa,1.0,
b301c4ff-8152-4d6e-9a2a-b1f4da0f28e2,2025-07-09T18:42:53.022024+00:00,GOOGL,buy,94.0,176.32,"{'status': <OrderStatus.FILLED: 'filled'>, 'mode': 'LIVE'}",
GOOGL,2025-07-09T18:42:53.023695+00:00,174.39,,,188,buy,momentum+mean_reversion+ml+sentiment+regime+stochrsi+obv+vsa,,momentum+mean_reversion+ml+sentiment+regime+stochrsi+obv+vsa,1.0,
7f9edf9a-90bb-4833-b108-3a1cc7d4a992,2025-07-09T18:45:45.229501+00:00,TSLA,buy,23.0,296.45,"{'status': <OrderStatus.FILLED: 'filled'>, 'mode': 'LIVE'}",
TSLA,2025-07-09T18:45:45.418632+00:00,297.98,,,64,buy,momentum+mean_reversion+ml+sentiment+regime+stochrsi+obv+vsa,,momentum+mean_reversion+ml+sentiment+regime+stochrsi+obv+vsa,0.9139695768564721,
940710d9-8014-4c9c-a884-3a4770252d7f,2025-07-09T18:45:50.509029+00:00,MSFT,buy,11.0,502.56,"{'status': <OrderStatus.FILLED: 'filled'>, 'mode': 'LIVE'}",
MSFT,2025-07-09T18:45:50.509757+00:00,496.58,,,23,buy,momentum+mean_reversion+ml+sentiment+regime+stochrsi+obv+vsa,,momentum+mean_reversion+ml+sentiment+regime+stochrsi+obv+vsa,0.2631326952209109,
1d5803d1-2bc9-445c-a883-5e5c9a72bf15,2025-07-09T18:48:47.923019+00:00,AMZN,buy,59.0,222.44,"{'status': <OrderStatus.FILLED: 'filled'>, 'mode': 'LIVE'}",
AMZN,2025-07-09T18:48:47.923765+00:00,219.495,,,119,buy,momentum+mean_reversion+ml+sentiment+regime+stochrsi+obv+vsa,,momentum+mean_reversion+ml+sentiment+regime+stochrsi+obv+vsa,1.0,
0941af1a-ef97-4c7b-99cc-f3e52b81b202,2025-07-09T18:48:53.069978+00:00,GOOGL,buy,94.0,176.21,"{'status': <OrderStatus.FILLED: 'filled'>, 'mode': 'LIVE'}",
GOOGL,2025-07-09T18:48:53.070681+00:00,174.39,,,188,buy,momentum+mean_reversion+ml+sentiment+regime+stochrsi+obv+vsa,,momentum+mean_reversion+ml+sentiment+regime+stochrsi+obv+vsa,1.0,
c1ad0cfe-242d-4706-82cb-289ad688fe49,2025-07-09T18:52:45.409141+00:00,TSLA,buy,32.0,296.39,"{'status': <OrderStatus.FILLED: 'filled'>, 'mode': 'LIVE'}",
TSLA,2025-07-09T18:52:45.410674+00:00,297.98,,,64,buy,momentum+mean_reversion+ml+sentiment+regime+stochrsi+obv+vsa,,momentum+mean_reversion+ml+sentiment+regime+stochrsi+obv+vsa,0.9139695768564721,
eff09d53-bf21-4150-8564-9c56f4abd07d,2025-07-09T18:52:50.519296+00:00,MSFT,buy,11.0,502.68,"{'status': <OrderStatus.FILLED: 'filled'>, 'mode': 'LIVE'}",
MSFT,2025-07-09T18:52:50.519974+00:00,496.58,,,23,buy,momentum+mean_reversion+ml+sentiment+regime+stochrsi+obv+vsa,,momentum+mean_reversion+ml+sentiment+regime+stochrsi+obv+vsa,0.2631326952209109,
7d2222c1-abf6-4c03-baca-80ad3245526f,2025-07-09T18:53:42.004119+00:00,MSFT,buy,22.0,502.79,"{'status': <OrderStatus.FILLED: 'filled'>, 'mode': 'LIVE'}",
766573d4-6e5f-4da6-87f9-8cca067b8023,2025-07-09T18:53:45.660259+00:00,GOOGL,buy,64.0,176.54,"{'status': <OrderStatus.FILLED: 'filled'>, 'mode': 'LIVE'}",
9d8ca851-663e-4893-9a8a-f7375deb0379,2025-07-09T18:53:49.236053+00:00,AMZN,buy,51.0,222.55,"{'status': <OrderStatus.FILLED: 'filled'>, 'mode': 'LIVE'}",
b246a3f8-af73-4d40-a0f7-823b1b5ba967,2025-07-09T18:53:52.780283+00:00,TSLA,buy,37.0,296.53,"{'status': <OrderStatus.FILLED: 'filled'>, 'mode': 'LIVE'}",
f6279a9f-2787-4d8c-83c3-bae196daa5c8,2025-07-09T18:56:35.921082+00:00,TSLA,buy,11.0,296.49,"{'status': <OrderStatus.FILLED: 'filled'>, 'mode': 'LIVE'}",
9c3adf7a-b6c2-4a80-a4cc-339082abcf60,2025-07-09T18:59:32.233356+00:00,AMZN,buy,59.0,222.572542,"{'status': <OrderStatus.FILLED: 'filled'>, 'mode': 'LIVE'}",
AMZN,2025-07-09T18:59:32.234194+00:00,219.495,,,119,buy,momentum+mean_reversion+ml+sentiment+regime+stochrsi+obv+vsa,,momentum+mean_reversion+ml+sentiment+regime+stochrsi+obv+vsa,1.0,
776c5bf5-a6dd-4b46-96fb-a88f5cf82d3d,2025-07-09T18:59:37.840203+00:00,GOOGL,buy,94.0,176.538511,"{'status': <OrderStatus.FILLED: 'filled'>, 'mode': 'LIVE'}",
GOOGL,2025-07-09T18:59:37.841949+00:00,174.39,,,188,buy,momentum+mean_reversion+ml+sentiment+regime+stochrsi+obv+vsa,,momentum+mean_reversion+ml+sentiment+regime+stochrsi+obv+vsa,1.0,
7bddc5be-e894-46fb-87f2-1ee19c8b25eb,2025-07-09T19:00:37.239482+00:00,MSFT,buy,11.0,502.58,"{'status': <OrderStatus.FILLED: 'filled'>, 'mode': 'LIVE'}",
MSFT,2025-07-09T19:00:37.241462+00:00,496.58,,,23,buy,momentum+mean_reversion+ml+sentiment+regime+stochrsi+obv+vsa,,momentum+mean_reversion+ml+sentiment+regime+stochrsi+obv+vsa,0.2631326952209109,
a8e8e840-b3f7-4945-aef1-45aaa0f8df32,2025-07-09T19:02:29.810465+00:00,TSLA,buy,32.0,296.98,"{'status': <OrderStatus.FILLED: 'filled'>, 'mode': 'LIVE'}",
TSLA,2025-07-09T19:02:29.811177+00:00,297.98,,,64,buy,momentum+mean_reversion+ml+sentiment+regime+stochrsi+obv+vsa,,momentum+mean_reversion+ml+sentiment+regime+stochrsi+obv+vsa,0.9139695768564721,
1ef3480e-f503-45b7-9e31-32bc41cbbd92,2025-07-09T19:05:31.386109+00:00,AMZN,buy,59.0,222.5,"{'status': <OrderStatus.FILLED: 'filled'>, 'mode': 'LIVE'}",
AMZN,2025-07-09T19:05:31.388046+00:00,219.495,,,119,buy,momentum+mean_reversion+ml+sentiment+regime+stochrsi+obv+vsa,,momentum+mean_reversion+ml+sentiment+regime+stochrsi+obv+vsa,1.0,
51795eca-b672-4f7f-b57f-328bc447f9e3,2025-07-09T19:05:36.815226+00:00,GOOGL,buy,94.0,176.44,"{'status': <OrderStatus.FILLED: 'filled'>, 'mode': 'LIVE'}",
GOOGL,2025-07-09T19:05:36.817211+00:00,174.39,,,188,buy,momentum+mean_reversion+ml+sentiment+regime+stochrsi+obv+vsa,,momentum+mean_reversion+ml+sentiment+regime+stochrsi+obv+vsa,1.0,
c21a4527-3411-42ea-bcce-1a3fb9d6ac75,2025-07-09T19:06:36.433396+00:00,MSFT,buy,11.0,502.74,"{'status': <OrderStatus.FILLED: 'filled'>, 'mode': 'LIVE'}",
MSFT,2025-07-09T19:06:36.435029+00:00,496.58,,,23,buy,momentum+mean_reversion+ml+sentiment+regime+stochrsi+obv+vsa,,momentum+mean_reversion+ml+sentiment+regime+stochrsi+obv+vsa,0.2631326952209109,
7e41cc2d-683d-4c9c-9d0d-60a48798c4ac,2025-07-09T19:09:29.306244+00:00,TSLA,buy,32.0,296.765625,"{'status': <OrderStatus.FILLED: 'filled'>, 'mode': 'LIVE'}",
TSLA,2025-07-09T19:09:29.308076+00:00,297.98,,,64,buy,momentum+mean_reversion+ml+sentiment+regime+stochrsi+obv+vsa,,momentum+mean_reversion+ml+sentiment+regime+stochrsi+obv+vsa,0.9139695768564721,
5411db13-009c-4c04-be7f-2de6da256ada,2025-07-09T19:12:30.666309+00:00,MSFT,buy,11.0,502.588182,"{'status': <OrderStatus.FILLED: 'filled'>, 'mode': 'LIVE'}",
MSFT,2025-07-09T19:12:30.667369+00:00,496.58,,,23,buy,momentum+mean_reversion+ml+sentiment+regime+stochrsi+obv+vsa,,momentum+mean_reversion+ml+sentiment+regime+stochrsi+obv+vsa,0.2631326952209109,
ec13fe2a-5b6a-40b7-96fa-33d0f853f893,2025-07-09T19:12:36.261593+00:00,AMZN,buy,59.0,222.47,"{'status': <OrderStatus.FILLED: 'filled'>, 'mode': 'LIVE'}",
AMZN,2025-07-09T19:12:36.262322+00:00,219.495,,,119,buy,momentum+mean_reversion+ml+sentiment+regime+stochrsi+obv+vsa,,momentum+mean_reversion+ml+sentiment+regime+stochrsi+obv+vsa,1.0,
d87a91f3-9cc6-48e7-841a-ba041eb85512,2025-07-09T19:12:41.478178+00:00,GOOGL,buy,78.0,176.26,"{'status': <OrderStatus.FILLED: 'filled'>, 'mode': 'LIVE'}",
GOOGL,2025-07-09T19:12:41.660949+00:00,174.39,,,188,buy,momentum+mean_reversion+ml+sentiment+regime+stochrsi+obv+vsa,,momentum+mean_reversion+ml+sentiment+regime+stochrsi+obv+vsa,1.0,
e1242174-7ec1-4a18-bc31-492771aaae20,2025-07-09T19:15:29.730129+00:00,TSLA,buy,32.0,297.22,"{'status': <OrderStatus.FILLED: 'filled'>, 'mode': 'LIVE'}",
TSLA,2025-07-09T19:15:29.730776+00:00,297.98,,,64,buy,momentum+mean_reversion+ml+sentiment+regime+stochrsi+obv+vsa,,momentum+mean_reversion+ml+sentiment+regime+stochrsi+obv+vsa,0.9139695768564721,
9e6126b9-c41a-4f6a-8760-cd3fd7d5f316,2025-07-09T19:18:32.202946+00:00,AMZN,buy,59.0,222.61,"{'status': <OrderStatus.FILLED: 'filled'>, 'mode': 'LIVE'}",
AMZN,2025-07-09T19:18:32.203792+00:00,219.495,,,119,buy,momentum+mean_reversion+ml+sentiment+regime+stochrsi+obv+vsa,,momentum+mean_reversion+ml+sentiment+regime+stochrsi+obv+vsa,1.0,
a9a6323b-32e0-48eb-b5a3-7e6afac145ed,2025-07-09T19:18:37.578232+00:00,GOOGL,buy,72.0,176.46,"{'status': <OrderStatus.FILLED: 'filled'>, 'mode': 'LIVE'}",
GOOGL,2025-07-09T19:18:37.767169+00:00,174.39,,,188,buy,momentum+mean_reversion+ml+sentiment+regime+stochrsi+obv+vsa,,momentum+mean_reversion+ml+sentiment+regime+stochrsi+obv+vsa,1.0,
f5c77bc5-113d-4d12-be5a-8690424f25a5,2025-07-09T19:20:30.855180+00:00,MSFT,buy,11.0,502.525455,"{'status': <OrderStatus.FILLED: 'filled'>, 'mode': 'LIVE'}",
MSFT,2025-07-09T19:20:30.856799+00:00,496.58,,,23,buy,momentum+mean_reversion+ml+sentiment+regime+stochrsi+obv+vsa,,momentum+mean_reversion+ml+sentiment+regime+stochrsi+obv+vsa,0.2631326952209109,
86b236b0-e6df-43e0-9bba-ccef99f4eb76,2025-07-09T19:21:30.285251+00:00,TSLA,buy,32.0,297.59,"{'status': <OrderStatus.FILLED: 'filled'>, 'mode': 'LIVE'}",
TSLA,2025-07-09T19:21:30.286661+00:00,297.98,,,64,buy,momentum+mean_reversion+ml+sentiment+regime+stochrsi+obv+vsa,,momentum+mean_reversion+ml+sentiment+regime+stochrsi+obv+vsa,0.9139695768564721,
3c4ea5d1-e2fd-478d-87a4-7a1c30160fa4,2025-07-09T19:24:31.554258+00:00,AMZN,buy,59.0,222.6,"{'status': <OrderStatus.FILLED: 'filled'>, 'mode': 'LIVE'}",
AMZN,2025-07-09T19:24:31.556303+00:00,219.495,,,119,buy,momentum+mean_reversion+ml+sentiment+regime+stochrsi+obv+vsa,,momentum+mean_reversion+ml+sentiment+regime+stochrsi+obv+vsa,1.0,
8fd80672-fc7b-4719-aedb-c67f6bebebab,2025-07-09T19:24:37.397127+00:00,GOOGL,buy,94.0,176.32,"{'status': <OrderStatus.FILLED: 'filled'>, 'mode': 'LIVE'}",
GOOGL,2025-07-09T19:24:37.397766+00:00,174.39,,,188,buy,momentum+mean_reversion+ml+sentiment+regime+stochrsi+obv+vsa,,momentum+mean_reversion+ml+sentiment+regime+stochrsi+obv+vsa,1.0,
9d0462d2-d520-4d99-b5e0-1fea81b67efe,2025-07-09T19:27:29.564227+00:00,TSLA,buy,32.0,297.19,"{'status': <OrderStatus.FILLED: 'filled'>, 'mode': 'LIVE'}",
TSLA,2025-07-09T19:27:29.564908+00:00,297.98,,,64,buy,momentum+mean_reversion+ml+sentiment+regime+stochrsi+obv+vsa,,momentum+mean_reversion+ml+sentiment+regime+stochrsi+obv+vsa,0.9139695768564721,
f2e9d8ed-6550-480a-b85d-3bb80245ed1b,2025-07-09T19:27:34.651936+00:00,MSFT,buy,11.0,502.48,"{'status': <OrderStatus.FILLED: 'filled'>, 'mode': 'LIVE'}",
MSFT,2025-07-09T19:27:34.652629+00:00,496.58,,,23,buy,momentum+mean_reversion+ml+sentiment+regime+stochrsi+obv+vsa,,momentum+mean_reversion+ml+sentiment+regime+stochrsi+obv+vsa,0.2631326952209109,
06cc34d5-7fdb-40f2-a9f1-be4a8b405211,2025-07-09T19:30:31.916379+00:00,AMZN,buy,59.0,222.538474,"{'status': <OrderStatus.FILLED: 'filled'>, 'mode': 'LIVE'}",
AMZN,2025-07-09T19:30:31.918245+00:00,219.495,,,119,buy,momentum+mean_reversion+ml+sentiment+regime+stochrsi+obv+vsa,,momentum+mean_reversion+ml+sentiment+regime+stochrsi+obv+vsa,1.0,
cb3626fc-1ae3-4787-969b-d2bf2a042ab3,2025-07-09T19:30:37.130043+00:00,GOOGL,buy,72.0,176.32,"{'status': <OrderStatus.FILLED: 'filled'>, 'mode': 'LIVE'}",
GOOGL,2025-07-09T19:30:37.320172+00:00,174.39,,,188,buy,momentum+mean_reversion+ml+sentiment+regime+stochrsi+obv+vsa,,momentum+mean_reversion+ml+sentiment+regime+stochrsi+obv+vsa,1.0,
af4efd35-bd1d-4c88-a79d-9f8a9d381513,2025-07-09T19:34:29.620938+00:00,TSLA,buy,32.0,297.32,"{'status': <OrderStatus.FILLED: 'filled'>, 'mode': 'LIVE'}",
TSLA,2025-07-09T19:34:29.621634+00:00,297.98,,,64,buy,momentum+mean_reversion+ml+sentiment+regime+stochrsi+obv+vsa,,momentum+mean_reversion+ml+sentiment+regime+stochrsi+obv+vsa,0.9139695768564721,
514d92c5-7060-473d-b049-b81422604a1d,2025-07-09T19:34:34.754241+00:00,MSFT,buy,11.0,502.36,"{'status': <OrderStatus.FILLED: 'filled'>, 'mode': 'LIVE'}",
MSFT,2025-07-09T19:34:34.756172+00:00,496.58,,,23,buy,momentum+mean_reversion+ml+sentiment+regime+stochrsi+obv+vsa,,momentum+mean_reversion+ml+sentiment+regime+stochrsi+obv+vsa,0.2631326952209109,
143121c3-433b-48d6-af50-054f6f79c241,2025-07-09T19:37:32.052064+00:00,AMZN,buy,59.0,222.48,"{'status': <OrderStatus.FILLED: 'filled'>, 'mode': 'LIVE'}",
AMZN,2025-07-09T19:37:32.054218+00:00,219.495,,,119,buy,momentum+mean_reversion+ml+sentiment+regime+stochrsi+obv+vsa,,momentum+mean_reversion+ml+sentiment+regime+stochrsi+obv+vsa,1.0,
8ed0fef4-5875-49f0-a9f1-74ac6c805cc5,2025-07-09T19:37:37.313787+00:00,GOOGL,buy,94.0,176.62,"{'status': <OrderStatus.FILLED: 'filled'>, 'mode': 'LIVE'}",
GOOGL,2025-07-09T19:37:37.314879+00:00,174.39,,,188,buy,momentum+mean_reversion+ml+sentiment+regime+stochrsi+obv+vsa,,momentum+mean_reversion+ml+sentiment+regime+stochrsi+obv+vsa,1.0,
0475a6b4-41ad-42fd-9b73-65cdc2fb3b48,2025-07-09T19:39:08.229776+00:00,MSFT,buy,22.0,502.557273,"{'status': <OrderStatus.FILLED: 'filled'>, 'mode': 'LIVE'}",
d268b0ac-2257-4f4b-8205-2ca7837b3552,2025-07-09T19:39:11.800559+00:00,GOOGL,buy,64.0,176.72,"{'status': <OrderStatus.FILLED: 'filled'>, 'mode': 'LIVE'}",
c61ac339-dde2-4652-9710-2cb190436492,2025-07-09T19:39:15.417033+00:00,AMZN,buy,51.0,222.58,"{'status': <OrderStatus.FILLED: 'filled'>, 'mode': 'LIVE'}",
f9525fcd-02c3-4991-b3bb-09fcf7a79ef7,2025-07-09T19:39:18.974106+00:00,TSLA,buy,26.0,297.141154,"{'status': <OrderStatus.FILLED: 'filled'>, 'mode': 'LIVE'}",
4608bf83-2a24-493a-8ad3-5354a589a66e,2025-07-09T19:42:01.514721+00:00,TSLA,buy,90.0,297.158334,"{'status': <OrderStatus.FILLED: 'filled'>, 'mode': 'LIVE'}",
34dce53e-36cf-40b5-9508-86daad3ea196,2025-07-09T19:44:58.721588+00:00,AMZN,buy,59.0,222.477458,"{'status': <OrderStatus.FILLED: 'filled'>, 'mode': 'LIVE'}",
AMZN,2025-07-09T19:44:58.722387+00:00,219.495,,,119,buy,momentum+mean_reversion+ml+sentiment+regime+stochrsi+obv+vsa,,momentum+mean_reversion+ml+sentiment+regime+stochrsi+obv+vsa,1.0,
7c0338fa-e483-47fa-bf19-be38eb1cd06f,2025-07-09T19:45:06.128529+00:00,GOOGL,buy,94.0,176.6,"{'status': <OrderStatus.FILLED: 'filled'>, 'mode': 'LIVE'}",
GOOGL,2025-07-09T19:45:06.130017+00:00,174.39,,,188,buy,momentum+mean_reversion+ml+sentiment+regime+stochrsi+obv+vsa,,momentum+mean_reversion+ml+sentiment+regime+stochrsi+obv+vsa,1.0,
34786069-a9fd-4ee8-ac8c-94eb014d306d,2025-07-09T19:46:03.067723+00:00,MSFT,buy,11.0,502.45,"{'status': <OrderStatus.FILLED: 'filled'>, 'mode': 'LIVE'}",
MSFT,2025-07-09T19:46:03.068642+00:00,496.58,,,23,buy,momentum+mean_reversion+ml+sentiment+regime+stochrsi+obv+vsa,,momentum+mean_reversion+ml+sentiment+regime+stochrsi+obv+vsa,0.2631326952209109,
45bb9d67-cea6-4dd8-94b8-0b1d54c7db83,2025-07-09T19:48:56.238513+00:00,TSLA,buy,32.0,297.301876,"{'status': <OrderStatus.FILLED: 'filled'>, 'mode': 'LIVE'}",
TSLA,2025-07-09T19:48:56.240211+00:00,297.98,,,64,buy,momentum+mean_reversion+ml+sentiment+regime+stochrsi+obv+vsa,,momentum+mean_reversion+ml+sentiment+regime+stochrsi+obv+vsa,0.9139695768564721,
39315e49-3dde-4267-8b12-23c331441b64,2025-07-09T19:51:57.303325+00:00,MSFT,buy,11.0,502.63,"{'status': <OrderStatus.FILLED: 'filled'>, 'mode': 'LIVE'}",
MSFT,2025-07-09T19:51:57.303986+00:00,496.58,,,23,buy,momentum+mean_reversion+ml+sentiment+regime+stochrsi+obv+vsa,,momentum+mean_reversion+ml+sentiment+regime+stochrsi+obv+vsa,0.2631326952209109,
5b1f03a5-43f8-4dd0-a418-0071b5290d1b,2025-07-09T19:52:02.390155+00:00,AMZN,buy,59.0,222.45,"{'status': <OrderStatus.FILLED: 'filled'>, 'mode': 'LIVE'}",
AMZN,2025-07-09T19:52:02.392330+00:00,219.495,,,119,buy,momentum+mean_reversion+ml+sentiment+regime+stochrsi+obv+vsa,,momentum+mean_reversion+ml+sentiment+regime+stochrsi+obv+vsa,1.0,
ff0d812e-5250-436d-9b44-f1623290ef7b,2025-07-09T19:52:07.608295+00:00,GOOGL,buy,94.0,176.49,"{'status': <OrderStatus.FILLED: 'filled'>, 'mode': 'LIVE'}",
GOOGL,2025-07-09T19:52:07.609270+00:00,174.39,,,188,buy,momentum+mean_reversion+ml+sentiment+regime+stochrsi+obv+vsa,,momentum+mean_reversion+ml+sentiment+regime+stochrsi+obv+vsa,1.0,
76e83ae2-199a-4e1c-8f36-49b98985e7c2,2025-07-09T19:54:56.196003+00:00,TSLA,buy,32.0,296.26,"{'status': <OrderStatus.FILLED: 'filled'>, 'mode': 'LIVE'}",
TSLA,2025-07-09T19:54:56.196795+00:00,297.98,,,64,buy,momentum+mean_reversion+ml+sentiment+regime+stochrsi+obv+vsa,,momentum+mean_reversion+ml+sentiment+regime+stochrsi+obv+vsa,0.9139695768564721,
a15b1374-792d-4a72-83cd-fa092e759f18,2025-07-09T19:57:58.942015+00:00,AMZN,buy,59.0,222.436271,"{'status': <OrderStatus.FILLED: 'filled'>, 'mode': 'LIVE'}",
AMZN,2025-07-09T19:57:58.943980+00:00,219.495,,,119,buy,momentum+mean_reversion+ml+sentiment+regime+stochrsi+obv+vsa,,momentum+mean_reversion+ml+sentiment+regime+stochrsi+obv+vsa,1.0,
b1dbc465-8311-49d9-9f18-fb170205c2c1,2025-07-09T19:58:04.108077+00:00,GOOGL,buy,94.0,176.71,"{'status': <OrderStatus.FILLED: 'filled'>, 'mode': 'LIVE'}",
GOOGL,2025-07-09T19:58:04.109631+00:00,174.39,,,188,buy,momentum+mean_reversion+ml+sentiment+regime+stochrsi+obv+vsa,,momentum+mean_reversion+ml+sentiment+regime+stochrsi+obv+vsa,1.0,
47271618-e2ab-43af-9329-907e63ebee3c,2025-07-09T19:59:03.572345+00:00,MSFT,buy,11.0,503.235455,"{'status': <OrderStatus.FILLED: 'filled'>, 'mode': 'LIVE'}",
MSFT,2025-07-09T19:59:03.573962+00:00,496.58,,,23,buy,momentum+mean_reversion+ml+sentiment+regime+stochrsi+obv+vsa,,momentum+mean_reversion+ml+sentiment+regime+stochrsi+obv+vsa,0.2631326952209109,
615137b8-d8f3-4cd8-b34e-2bf2bf1ba562,2025-07-10T13:40:22.710185+00:00,MSFT,buy,22.0,501.96,,"{'status': <OrderStatus.FILLED: 'filled'>, 'mode': 'LIVE'}",
8a0a5eb5-7299-49ba-8fff-291e107da408,2025-07-10T15:04:27.230885+00:00,MSFT,buy,22.0,499.25,,"{'status': <OrderStatus.FILLED: 'filled'>, 'mode': 'LIVE'}",
729ccbee-e492-4009-9648-6b85165408d9,2025-07-10T15:19:18.503463+00:00,MSFT,buy,22.0,499.11,,"{'status': <OrderStatus.FILLED: 'filled'>, 'mode': 'LIVE'}",
13f26c9a-76a8-41be-8166-12338387fd20,2025-07-10T17:25:33.171078+00:00,MSFT,buy,22.0,500.69,,"{'status': <OrderStatus.FILLED: 'filled'>, 'mode': 'LIVE'}",
9e40c690-04da-4640-a199-41627096a556,2025-07-10T17:51:47.872226+00:00,MSFT,buy,22.0,501.3,,"{'status': <OrderStatus.FILLED: 'filled'>, 'mode': 'LIVE'}",
dc714e1f-8bf8-4e63-8242-f8212da67de2,2025-07-10T19:27:17.237997+00:00,MSFT,buy,22.0,501.64,,"{'status': <OrderStatus.FILLED: 'filled'>, 'mode': 'LIVE'}",
263b61db-6fd8-42cd-aebc-3b88f71d60ea,2025-07-10T19:52:21.160986+00:00,MSFT,buy,22.0,501.274091,,"{'status': <OrderStatus.FILLED: 'filled'>, 'mode': 'LIVE'}",
e78df892-38c1-4bfe-b379-fd36363f41f3,2025-07-11T16:41:51.334126+00:00,MSFT,buy,22.0,504.495455,,"{'status': <OrderStatus.FILLED: 'filled'>, 'mode': 'LIVE'}",
b00fcad2-362e-482d-b5c5-f95e19c0fa7c,2025-07-11T16:42:32.109034+00:00,MSFT,buy,22.0,504.306364,,"{'status': <OrderStatus.FILLED: 'filled'>, 'mode': 'LIVE'}",
29116834-72ca-4fec-8d90-5d9b3018435a,2025-07-11T18:14:49.801220+00:00,MSFT,buy,22.0,504.41,,"{'status': <OrderStatus.FILLED: 'filled'>, 'mode': 'LIVE'}",
f40e7350-eadb-44ae-9899-296bfcd8bcb0,2025-07-11T18:42:28.821316+00:00,MSFT,buy,22.0,504.31,,"{'status': <OrderStatus.FILLED: 'filled'>, 'mode': 'LIVE'}",
201db793-bc23-4241-9965-f55dbffbb653,2025-07-11T18:57:15.910075+00:00,MSFT,buy,22.0,503.1,,"{'status': <OrderStatus.FILLED: 'filled'>, 'mode': 'LIVE'}",
9f14eb9e-f1fd-4d4f-a39a-62aa77981cdb,2025-07-11T19:13:24.141875+00:00,MSFT,buy,22.0,503.17,,"{'status': <OrderStatus.FILLED: 'filled'>, 'mode': 'LIVE'}",
50989f51-173b-4757-95f7-d21ded3b264b,2025-07-11T19:44:52.820561+00:00,MSFT,buy,22.0,503.79,,"{'status': <OrderStatus.FILLED: 'filled'>, 'mode': 'LIVE'}",
9c739771-a570-487e-9f78-7e7dd79bc8fe,2025-07-14T16:04:05.995347+00:00,MSFT,buy,22.0,502.86,,"{'status': <OrderStatus.FILLED: 'filled'>, 'mode': 'LIVE'}",
1ff37097-923b-443f-98a3-ae6575fb3ec2,2025-07-15T18:14:13.478578+00:00,MSFT,buy,22.0,508.06,,"{'status': <OrderStatus.FILLED: 'filled'>, 'mode': 'LIVE'}",
27bbe6e4-dd65-4ca6-8ffe-62a4e7556f01,2025-07-15T18:14:13.844472+00:00,MSFT,buy,22.0,508.06,,"{'status': <OrderStatus.FILLED: 'filled'>, 'mode': 'LIVE'}",
91f8ba02-8ff8-4d03-8813-b24f84865976,2025-07-15T19:14:08.476196+00:00,MSFT,buy,22.0,506.91,,"{'status': <OrderStatus.FILLED: 'filled'>, 'mode': 'LIVE'}",
d4f6d971-e53e-4973-aa98-f4dde35de68b,2025-07-15T19:49:57.799887+00:00,MSFT,buy,22.0,506.64,,"{'status': <OrderStatus.FILLED: 'filled'>, 'mode': 'LIVE'}",
04afe263-680d-4547-82cf-f76fcca75cae,2025-07-16T16:25:12.842925+00:00,MSFT,buy,22.0,503.81,,"{'status': <OrderStatus.FILLED: 'filled'>, 'mode': 'LIVE'}",
87b8aedd-5f2e-4711-9f50-500703fd1b75,2025-07-16T17:56:27.218478+00:00,MSFT,buy,22.0,505.39,,"{'status': <OrderStatus.FILLED: 'filled'>, 'mode': 'LIVE'}",
11d4b92d-bc6e-4bbc-b1d8-dbbf533c033f,2025-07-16T19:26:40.312850+00:00,MSFT,buy,22.0,505.74,,"{'status': <OrderStatus.FILLED: 'filled'>, 'mode': 'LIVE'}",
c6395fc0-cab3-4805-bdac-9e73b2b576fd,2025-07-16T19:47:41.533901+00:00,MSFT,buy,21,506.24,,"{'status': <OrderStatus.FILLED: 'filled'>, 'mode': 'LIVE'}",
3cae6f62-26a5-4851-b8d6-c4053de6d697,2023-01-01T10:00:00Z,AAPL,buy,100,150.0,,,
136c7e4b-087b-495b-b778-15ab035867d1,2023-01-01T10:00:00Z,AAPL,buy,100,150.0,,,
